,O3
7637,3.4604805326029435
1478,1.1625080014576454
9138,-5.206683737965093
8585,-2.9629468245517927
4138,0.5429945857515293
4162,15.881077438838574
7605,-7.125164911771762
7896,-10.90124768720463
8386,-7.779605059213068
5972,7.723352262722116
8664,4.864326684364542
2813,-9.129788071657558
5052,0.6916277239101163
4938,-4.018329112956906
4160,0.3059859059379306
7910,-3.5384140578283763
8166,3.191383846389428
6817,11.256072105269979
6756,-3.726463419428981
1845,-7.375003763390467
2075,4.965903240757754
6589,-5.70018486370482
1585,-3.113890262998595
6291,-5.9497861465113004
9,-1.2388363414575707
578,1.622311296251084
5155,-4.241177511664077
9082,3.0338319431436815
10198,-5.153634492302686
6676,3.465220450009454
2932,-7.345643551796471
7559,1.5756265401743548
8559,-13.09609422131048
5787,12.29188718595212
5439,1.472481557961757
4029,-0.9248738745699967
8424,0.46068030981998476
6624,-3.5493755318071436
8118,1.60087181728899
9727,2.369676668389772
565,-1.141365471276444
8518,-8.566942767898254
1087,7.737504613732824
9562,0.18464667793141132
992,5.758525533024027
1592,-2.8010367795803717
9595,1.4854677687973066
5852,-2.732349350572008
2875,2.5204366609566904
7412,-6.64699222350059
9113,-5.21665838811024
3480,-7.1951377658275675
5424,-3.471948150570597
2192,31.567380510984478
1603,-10.40476461293072
9679,-6.038612295931287
7756,8.767180496077188
2495,7.967412927414372
1669,0.5830473537709366
2786,0.76522445350939
3376,4.018940170082757
154,13.133916217540687
5761,6.623857400842283
4152,-1.234722639332162
9030,-9.619607452092467
7023,-19.12709990953779
8412,-8.603763532735812
6520,-3.194673925642334
4407,0.5433943425756951
2663,-14.654782800021238
2272,12.255721660460878
5842,-3.4067301582440024
3850,-6.6419271591830125
382,-25.478270343689957
5582,-0.5182660358180868
2936,-3.30841026540476
1096,15.64307474568831
3641,-5.8395239893934985
9926,14.402964629114607
3374,1.2599160448320816
9308,-1.6592716711933946
334,-9.505291878573601
8141,-0.40969633943076644
10065,-4.6661835359973765
4798,0.15905998263404797
2380,-7.6603157455093225
1540,-0.3613251637447803
133,-11.634881242785397
9693,0.30950065303640883
6999,-14.85866817192364
2168,5.883605195273887
4381,-18.079142177414113
4581,-2.251722969427533
159,1.1225651681131836
8855,4.159734225057335
8597,8.332118995026022
3673,-1.4890558980830662
7761,-4.690841016456659
7497,2.2181202601238255
8396,4.159614733676591
6320,-2.26161857520448
9343,6.226436590117615
2363,-3.0538547463066408
3182,9.30742082468673
8179,-0.7533813595064913
6649,5.625806044716811
3883,-4.3002253602246725
1109,4.237888977525245
9788,1.5447342281973278
9540,-3.6640766127621447
4891,2.9760059516124073
9134,-3.190632834172348
2949,-0.17654137678526638
554,-2.873320204378004
467,-0.41032484847727346
9131,-8.37820710838902
6358,4.574427415531247
499,4.5144202054485305
491,-5.7817913208555325
4301,-16.40049243561306
7055,-6.837150793605318
39,8.806223022069318
2667,4.070395082008801
5279,-8.322439210372366
1376,-6.700690360596425
9167,-1.8249109800030539
2836,-0.1363575993764954
8428,8.978891720579469
2124,-2.3975004729118865
7022,-17.00278860665908
836,22.396821715885707
2162,-6.367130599658665
1813,21.23865803908069
5858,-4.833214440942655
1529,-6.810559893645163
1726,7.876248687960356
9838,2.8114961105044785
2783,-5.123371999473207
6945,18.15508156178116
9035,-2.586462535472336
8633,8.027839828624266
4234,7.806376754905145
4936,-4.966091567037864
6443,15.390843940463284
555,1.3257842913063058
3037,0.4039506968039035
6972,-5.909563672992945
272,22.57921765977379
9824,-0.11820474307752704
7101,-7.485605533763945
7714,-0.8003803798063274
7955,4.727648182578761
3891,0.24117096855472653
5076,-2.8398791448480125
6032,4.916187065376917
1593,-2.642608638585088
9020,-7.120253217395728
8635,3.7601887884493834
7062,-5.76792397249973
7089,-12.901319131145513
8341,4.617017186257883
2356,1.4722046892920133
3449,-5.404880623476103
176,8.93347200583375
2948,-2.5931412412065384
1060,2.8141690629813496
3735,-9.685746837322156
1534,4.916012955502239
8846,3.9346399284092826
1082,-4.019838646969632
610,4.694214216896739
7032,-9.456711545933913
7603,-19.854561838195494
5992,1.4625502624123072
2549,7.557838368513259
9216,1.9612590068490334
7237,-0.8310263735256314
6161,16.648569563236222
7763,-6.996253926947816
2513,-5.356641424757143
9110,0.3161318757335465
7323,4.094928118033792
5175,9.680719856381458
7031,-12.132139002668126
3813,-7.972913916260339
5373,-2.8518486437301505
2530,-2.2723463059547413
9440,3.003456218337746
6685,-3.712203993392748
4912,0.18228339442386243
8557,-7.1760290657590105
5062,2.1522484444099774
6908,-7.646720885799581
10033,-3.5355245304784404
5892,-6.250034852224545
4576,-8.853335919436248
7668,-2.5935362779046756
3981,3.8973814687705186
4976,-0.9222760597280768
8368,0.5695242686061164
8200,-16.454681834839292
6254,11.286995720984564
6954,0.010176060503610529
10177,-5.425982705610679
5296,-1.3300001373067545
7234,-7.888648669050568
8128,1.3984798479955742
9733,7.7222401580104645
4066,15.585702658633167
7779,-1.6860308170796827
8729,-2.16588596059502
9899,-7.494265476070282
7477,-11.421472642744149
6524,-2.463837323339149
3220,3.3714003102031
6020,10.513831000068805
9682,-5.393359395959223
8858,0.358814179254054
2707,3.020087372286909
8093,-1.3026702783657385
8701,-6.814770327070832
6975,-3.8848307205441444
4688,-8.51138854455759
6871,4.888642372810281
1069,-13.182491400243038
9786,-21.667284873564554
8573,-0.28904619628777084
7746,-20.095614179564635
4428,-2.261758060895019
4795,4.917791841428496
5615,-12.96308483432604
8898,8.20755178275634
7333,-2.795276273623685
2860,1.7906547227345726
5563,-1.3165394591030264
2767,-0.8434618502534619
4476,-7.051404228411272
1283,17.990880853731483
9283,-3.7562396308027957
1912,-3.436898213257635
1651,1.9024204241134868
9691,-7.106008979428296
6830,-0.11646503849560474
3304,-1.156470080097435
2805,-9.430786644946537
8938,-7.479587378099453
5743,-8.629064449171054
495,-5.002572903001607
4964,-6.1912304356251155
6609,20.53369291973813
3412,-8.09019682569101
5254,-8.66084201904387
4423,1.5680432973605463
6411,-4.397834923451299
3348,-6.749798600768443
6082,-1.0200165582236167
4665,4.448296734523566
1261,-8.492922752638165
6847,12.74839961217019
10207,2.9202090975397965
3172,5.233333671004928
7174,30.944490991188943
898,6.91758055872711
2669,3.3994576799999976
10125,1.8400581184091465
9266,0.12221016252361494
1994,7.500195339490588
7931,-9.800092849895762
5065,-2.13318026037264
9604,15.151401741930428
8260,6.704807296150996
7196,4.041269503652686
3320,-0.1990182311678126
9126,1.4956429817564612
7614,-14.055241288472573
5218,3.7515064879652726
10179,-3.5120132719999475
6727,-2.1319596975090604
2434,1.7049080141886606
4654,2.6404587112357234
4527,-4.620219596383279
6140,8.214608284749872
1730,12.780920438624648
7417,-3.998423503236168
8215,-21.62279164514719
377,2.601304973595134
6153,-7.756343504690122
713,-0.651630312593042
9917,15.337382244283788
2731,3.691612085755807
2625,-3.538526553013142
2890,-0.6605379805987042
7617,-2.909569360313938
7090,-12.20246303862713
3950,-1.5791110553516035
2608,-0.2537848280927193
7143,12.430135092543807
5063,-3.623963141534418
8956,-11.476743126601335
5151,4.274391633821352
5426,-4.253831056699838
4244,-3.3073144680436855
487,2.59414935761167
7195,-6.910503115929785
4849,-2.0519012809060087
4905,5.885007394554961
7118,10.907286907616069
3270,5.350517836901005
2270,-10.61494131051866
3776,-2.7528144863372717
4025,-14.776393531026386
7481,12.233455793657285
3021,4.164417967127648
10185,-1.4313420847424396
9391,-0.9819849491173755
6336,3.9474355502733687
7838,-0.9535803804774758
4741,-3.2302544225198773
2797,1.3596488714765798
6357,2.11671264795352
8781,-0.6142092531301415
1761,2.4402810713468597
3814,-5.780290196090121
994,6.823545007291727
9032,8.798654906792464
5432,2.5324605871386865
9573,-4.624422662171938
6107,5.904147834140971
2470,6.769231951638105
6473,-10.18780804740068
2640,-4.750226812293548
8227,-2.945301995700177
4668,3.897274714036982
167,-6.603141745359281
3274,-4.3560138710549765
655,-14.530740568504726
2009,1.0787644501279345
226,-2.9163637216767455
5048,-5.528370002710815
6805,-2.9222969805514794
7716,-16.834621317629242
2379,-6.470747947109956
7093,-16.767338869484107
6152,-4.138576038936932
3209,16.416602904858436
9301,-5.015154834439912
1870,8.080147096188128
5325,3.6392549066808186
1746,9.145122569376014
5813,-5.542152738482926
8026,1.535116786081673
2929,1.4025434898212126
296,-2.030433311254413
6912,-8.157222515682932
5844,-1.3134948131953763
8941,3.249175860185389
8493,3.1224156162062258
1167,-1.961835955944892
7569,-9.782766243933807
1156,-2.5721629200828886
4674,6.650114058619309
3411,-6.376025536645244
5688,6.870873169499802
6451,-10.38006231277923
9424,-8.212321327347652
2916,7.017774655904347
9929,19.59168975280049
4400,2.4890678294401027
1351,-12.390187645534823
4109,8.47624333934921
2892,-7.396888939672962
4398,-4.77048551796706
4174,-2.174128805264573
2923,-5.02019789782959
10017,-7.900911953897847
1043,-4.243763422172478
7367,-4.631732422647943
8590,0.6384002196344767
5354,-5.249150357066938
597,-4.940229987349724
9422,7.698354025224987
1567,10.107117825407713
9904,1.1600133429026442
1421,2.5722274943437213
4429,2.3658762655228855
5983,4.707575291706689
8514,5.752840820186449
3865,6.7977712007721465
5212,13.39177143366281
4197,-2.2244543700918626
7327,-6.616539869813167
6969,-8.754166172995738
6312,4.879900325372134
8217,-28.385207576572682
9260,2.725763439431759
3724,3.9294929707297257
1595,3.675714808787845
230,-5.140600068894017
4001,-4.117075567899988
4805,1.8334689429461122
1373,-4.799986430116363
7514,11.545749837666861
1402,-1.3908429861116787
9012,-9.301834331136078
4824,-2.1621303973220876
722,1.60069971028922
9885,-0.6446527170540577
4055,25.795868360514746
2457,6.731018166205942
9750,-6.995378106747339
2390,-6.772759503175692
1158,1.8126503641108087
528,-17.117030720851133
4631,-6.015711710694987
2994,2.512459324502956
5938,-6.986246630544443
3326,-5.369948474144067
579,1.5244514317120519
7570,-10.62397222034214
8455,3.899145857707879
5406,11.448221257825523
3291,-3.110236190624292
1507,-1.6709871175189477
1874,-4.951081715349147
1766,27.337664253428372
10136,4.622244999265703
9234,9.537603914216376
1468,5.214794831611798
4858,2.992857674102808
3611,-5.168317619163943
1201,-14.589381363945122
7466,-1.4786638959274825
6343,7.275342473114833
4907,-4.22585021282039
8871,6.515044934422164
6044,-4.42241378740421
3367,-8.794546424228727
2113,3.005779803514926
7789,7.533725079560682
7621,-6.372653220195389
5367,11.707749920002456
4434,-0.15237471898861088
5724,-3.3562992386320474
2648,-0.3252014930004208
1578,-0.38009631382392683
6046,-2.0965126449479072
8960,-8.645110460096546
6247,18.157406725377996
8346,1.5774952603813261
2201,9.236073455124753
8288,4.4891193182989895
9224,-6.655974770818247
1466,7.496888616561236
6940,7.844490556948912
4890,5.786686992372161
1091,-3.440953608932226
48,-15.456972507015841
5797,1.1205606984132714
3791,-7.177388604403021
7004,-23.459293337454326
4779,7.927355647325612
2839,-3.224185097525819
3043,3.0656094239759426
5951,-9.04720524919729
1103,5.135322546622817
8910,-7.24578808257202
7525,3.2569085923667416
256,2.106344193384004
1984,2.8352281650852973
5740,10.24575811464608
4900,24.680597086731254
7222,-11.262761903401454
2206,14.357506056533495
2103,8.755978920357776
8164,1.7637398837838418
9018,-8.867690358666223
4852,1.118076058203414
5447,5.336438020947398
2579,2.4108435043748813
6633,-11.531856068851155
9532,11.405123443080868
1872,10.867260634895743
8245,6.272749587132054
7409,3.5232566803816354
2458,5.34797025282289
2639,-5.5532040718126865
6284,-5.13589524815616
5090,-7.198325488249694
4346,-7.769974241812392
7745,-15.133668273452443
5033,-2.1979626374893257
1607,-15.614044229997276
5087,-17.44328731906974
2831,-0.06726320262710317
8648,-1.469827903634453
3368,-9.615369748502886
8697,-8.084953029645774
6552,1.3732042355489256
4196,-5.403509253549103
9712,0.6913357908260735
915,-14.87894094981074
9825,0.8583634212147473
6909,-14.085735176980009
190,-12.789675055847184
2899,-1.8509571310413122
2400,-6.526302947783805
10182,0.2176557553353149
9510,15.604316480715184
3343,-3.946110962498466
8973,12.142288274587699
7750,-13.718181739901425
5689,0.4289889303976935
4978,0.4307281218070642
8267,-3.2219407639077673
3842,-2.128091694270651
1297,6.149580875930141
3753,-6.995418845900062
2411,-6.888045565921928
3553,12.286039909100552
2768,-2.554042592479547
1359,1.2838601984454243
8257,0.5899831199022572
2702,25.098783680353264
2841,5.315302065984838
8462,-0.05597619210500682
7469,-1.759780682864303
5136,0.567693019564885
1095,4.151395043977729
9721,-5.707145003346184
598,-5.944201543685111
8154,-5.964479502173575
6925,-10.436035456573237
799,-13.934154099637212
4568,-8.665136082641013
6875,-8.464837791000392
1666,4.963866442709715
8883,2.1168940426203307
4672,0.682312234002822
834,9.34089136008997
6332,5.0182877129904995
5485,2.261914252139661
6600,-10.4101448579395
5496,-6.737512695349281
7507,-21.13749174728396
6785,-5.95904987872639
5547,-2.7071271744865015
1145,-22.661860723004068
5783,8.250577002846072
5722,15.853074566988262
4230,-10.181947818268796
1577,3.4567271863286777
1312,-12.855140983231799
2167,5.655460898899875
5814,-7.940537734593889
4298,-7.752174448524826
5692,11.530882578088196
4730,-6.912694421909933
8503,-14.705710307039013
265,-6.995958088487143
6686,-6.284232802445629
7027,-13.811090230188327
9176,-6.831105772252656
9659,2.979697377030348
2241,2.841815201204483
3056,17.891038304060146
6899,-6.0593763970783385
2670,-7.772034998268126
8952,9.553615664575702
5973,-0.3261844852651876
3681,-1.9452695446534989
8416,5.760473723492325
7790,3.8544558571923346
3034,33.828052555580186
9333,6.7184519306164106
7493,-7.204432032451578
5235,5.4135703059742895
2055,-11.779392980579772
7059,-2.5029357032527315
3273,-4.469919059295208
2560,3.7418091833741727
1741,4.355119150554643
451,8.688370381320127
125,-8.054826076152196
3710,1.5129143240436207
247,-2.195173731142873
2630,17.530781792890522
5838,-6.370951433892699
4659,5.262447560278602
2521,-1.1152802797233363
2092,-13.63830828648868
2359,-6.04631217009144
7612,-7.585874762823849
9033,0.5663051416559739
841,-7.73026168268764
2946,-0.03775805618325023
2280,-4.0679409191098586
2004,-3.781434420307235
3373,-0.9437260741897973
2604,-1.756094139634186
580,-1.0173398723415659
10195,1.826799257556715
8380,-1.6764243930436038
2917,8.587616108283939
1098,29.251161726464588
6674,-4.631386194980919
2397,-0.5717620873211473
4404,-12.770565362159672
7565,-0.8184523219367037
6469,-1.5351697205679358
10075,4.933308416522365
6814,5.132497325218694
3743,-10.511200282983523
520,-4.912014247238062
3889,7.6465232742144025
1941,21.12650789649068
521,-0.4431737850354267
9596,2.6123547051690963
1829,-8.18334987641849
5741,9.40637402860527
5512,2.082492871883801
5917,-5.435949137067368
242,-8.308212815846858
572,-8.211394114221818
920,-3.9058351669339544
1308,8.732955265244314
5276,-4.507278400370993
2141,4.7466677578239995
201,19.730028433958935
5045,1.4156853238800835
6316,17.337351851399987
6694,4.106249015665625
8369,3.262803048564635
8180,1.939723042285678
221,1.958947605368209
8687,-1.1356550114458628
7181,2.9681048571157334
1467,12.806357970782685
4968,-8.353521903180692
1804,-13.598535113643024
42,6.904575270052362
6475,-3.1415080250412615
189,-12.049884770545745
6183,6.910612495050557
7805,0.1562792857613573
1817,17.17776843536079
9208,-1.6819389961625149
1985,3.912372815425371
10077,6.074836103864456
9330,4.28131760184867
692,-3.7345187972404403
2263,-7.991512639167084
4534,-1.091593831354956
3028,-9.007803374752015
7759,-4.567736932290032
6823,-7.2766686819513495
3032,-0.46808713476524133
5826,0.42836729268144325
9700,-4.85947272545387
8094,-2.5909278512396696
6391,7.727984406352135
1928,7.964972854740537
6868,1.7213264891618536
454,4.783846328969972
1519,-2.2668023878232617
7241,-4.987711813383399
5093,-5.1563698304144765
9402,7.405972506435305
8703,-3.223488499746068
8282,-0.9540125643678863
3188,5.325142758900924
3613,-8.646498887303792
3752,-6.596581653541804
1644,3.8916529281763843
3955,3.528960435918563
818,-3.356531436490627
8434,-3.7960684873584256
10211,13.588873877669457
8727,-1.0962423886924313
6931,6.978030497130689
7344,-11.982787794137963
2746,7.4748194163393435
7960,-4.965507691337706
4153,-0.993148091079135
9085,14.959041261009787
7906,-6.766256722044503
7703,-8.436238975664537
8207,-9.265420260916429
5784,5.803321751325441
7806,-8.382231512289039
7207,-16.977399586153425
7235,-2.9252681593355447
2029,2.641246098665235
3431,2.0704528284261343
9361,2.0689646523266987
31,-7.925209037060043
9638,-2.393916162654719
9790,-9.257053895036577
2873,5.645146279933712
462,-1.127449253324457
2375,-6.205899510775524
8252,10.091841952444
3928,-7.577837186020602
3860,7.3253347608802954
6156,-9.934926868892589
8382,-1.8562026176531816
4929,5.4823732242763725
8780,5.133520852219377
9710,1.3091912876613918
4433,-3.0444145861184353
2220,-3.024311941219892
8387,-5.2748722596873705
779,-7.931270638757667
7280,6.821278442667378
1480,-10.484807138789144
5112,-18.60430049901099
3683,-5.496868798331192
1454,13.82820422387067
3557,3.0267695695116146
2740,-3.1855015359042937
7102,-1.3666023489586934
2376,-9.631024922187024
8750,1.07457420534665
4999,3.0960726685520257
2288,-0.1839076499209824
9694,-10.77348916888998
4761,-16.885016092162417
9038,-5.985779793538839
9580,13.393150761488798
8658,1.291505988384003
7482,17.93646401191903
6682,19.496010406425214
3726,3.957310835126279
1270,-6.3645011385791435
3420,-7.166198609186338
4237,1.4661062616421674
119,28.519396551258367
8419,1.614313219960657
8490,-1.2710934610417581
424,4.2459814824277515
3261,20.970489774231666
1106,-6.435705285216912
3429,-7.029878843602219
8219,-29.408304375819498
5416,-1.825905922471705
320,-9.720089820296451
3655,-5.061652263213077
1640,14.217678956743839
4202,-2.126909023737639
10006,-10.222453965479033
8045,-3.002968726435853
6353,0.37919484531327896
4601,-9.920558931901212
4168,-0.5197467240385123
1035,4.867488435737343
4696,2.593085411802619
2501,1.7800386115331293
1514,10.907962352112875
5979,-4.731365193439686
3212,9.382670315864502
9164,-3.6279678684263246
6085,12.726035281550864
7882,15.311811467784523
8737,12.20747897499065
1509,-4.853392389353914
9535,7.092881305927804
6706,8.974880691851169
3597,0.7564898434871878
7099,-3.4352778822223655
5755,-2.00543889865979
1240,-6.708876485149176
2395,0.18965312332049677
234,-8.408436074153286
7547,17.36491873462772
5694,-4.278037003861826
7830,-4.8405641405440605
4826,1.021192762942995
36,9.174988307508826
3265,7.309962283387662
4831,-5.0517637824929835
4920,-6.622421153171885
7186,-10.966592851093722
7151,-2.4189249267222266
2033,0.41179654854890657
7800,3.519655338185842
3535,-5.043741291743075
8636,1.1860404455910754
6419,-7.536282817762796
4613,5.3882228485499155
121,20.429425860095094
3473,3.3177348488048466
1022,-24.92318079034628
6249,19.474833130032962
5906,-5.523338889486993
2350,-4.490698119382685
665,-3.912453059541477
4183,-4.435157170508447
7889,0.517206004685292
1568,9.916714750486221
8236,1.5699910134179476
9178,-8.318265287047225
8458,7.393485072403095
406,-5.01672288072573
9376,-3.877515679864999
7425,6.750119451831765
4543,11.192500636834083
6764,-5.732278955855904
6750,27.978207719312465
839,-2.695355138520725
7724,0.9134683430805381
10140,2.745818738031275
3297,-10.415303271273743
8578,9.192131202822267
7048,20.83154627223773
2070,-3.3961353781940176
6214,9.247910477499133
8842,5.391674598483817
4561,-4.469482902686437
18,-0.028871718025968107
2267,-24.220613671025674
2154,9.07704412847663
1893,4.500941768302383
2017,-0.8149781114517793
7258,13.333863902592881
150,39.833886001306084
9767,1.8702875918201443
3140,9.625205397490944
7354,11.509815816654324
6680,50.850838640751405
8057,-8.94599879178567
2247,5.024945208823667
1118,-6.602943600575628
7633,6.977150940032018
6049,8.72615949131368
8811,11.600585552251985
6408,4.043860651027828
3456,-4.176418175598158
8640,0.9569847961569309
4359,0.8326162713341745
2685,-9.80890165051558
6053,13.711820062482545
982,-1.0475576879420174
1797,6.3036398688091
4284,-4.728394357408277
9455,-1.661047675264939
8827,6.982016063889986
5282,8.272318822247243
7520,-11.60657261644765
5963,-2.3886589221726098
7560,-6.317960201984036
3332,-7.579668175446599
6765,-11.827557824608348
2500,-0.3305047742715743
7829,-8.018970414073877
5685,11.69266072646333
5922,9.755141319439986
651,-2.383121677630882
1892,2.2972895887548503
6554,-8.346318421235168
1399,-10.395594927226583
7819,-3.559910315521009
44,4.3802458783316
8441,-4.712756662956579
9886,-7.116066468083389
181,-0.8647922515999937
7798,3.0692817019451724
8965,-2.717493588239975
8167,-3.278022357933679
4583,-5.193542652248553
634,14.103222523942051
6278,6.71592097000611
7348,-15.0745757719787
8048,0.5893590157215627
4053,19.839838788407448
4133,-1.911587897579082
2271,2.7619413659894434
7146,5.726607046081128
9437,0.9962394965783261
10076,8.491456018728101
449,-4.113922076454401
8698,-2.6701034795988363
5542,0.8927545574672564
3978,6.600760903908039
4045,-3.5234990292179447
206,11.435098458665422
6259,14.087193889091381
140,-4.5313016843081755
4892,-2.984381875021967
9358,4.577299139051249
6205,5.973047215003888
6714,-14.896681651584956
1235,-5.967872505484898
8995,-7.283323214093642
1121,27.542864546341818
1029,-15.68592408519693
1132,-9.065853726461953
6501,-0.6920132483279531
974,-8.080709500604883
4742,-7.800365471952389
1748,25.384879378716562
1738,7.204889494979909
3023,5.373387822830992
3645,17.061976312026317
8582,10.476068924680987
5832,-6.994540763284178
7729,-7.995279188414443
3380,-0.005755592355498607
9366,-2.868424496266769
9775,1.8542788761858873
278,-10.707566418561427
410,-4.385915526421471
4490,-2.672943258561631
5389,5.128538058199567
693,-1.9836113467749072
5705,9.474628389495805
3066,3.255037026169518
460,1.0284684729617908
2709,-3.197821128792455
2641,-1.2827734568946454
6468,-12.629741399606658
8677,4.065348324090891
4085,2.3337016600681153
1294,-0.5258693068551423
7508,-3.389516713833089
1278,-1.183673075451523
2706,16.204959900557625
2585,-6.766142978559472
1563,-4.147582939256907
5341,3.8889035740206737
3222,10.805888360846765
6154,-6.442955655963814
4250,-4.0212294977716425
2179,8.70449103870753
551,9.74779623852426
1523,4.133600310035021
6658,5.650264702577417
9465,5.124891482979521
2252,-22.660721593608358
9045,-0.7496759056900402
6080,-1.6625450388160488
4913,2.1146831071430015
4299,-5.599774627293371
2853,6.670699706710636
5320,6.222475631477536
1920,-10.061415335396404
9936,8.376900180290406
6807,-13.037510697232065
6370,-6.133498620660674
4595,-0.35785222873396094
7856,6.381545098140009
3849,-4.9138369634550685
2032,-6.734908322619916
5833,-12.278976557076575
8745,1.1685517423249365
1775,3.902930525444148
9384,3.570213474684678
6691,11.414231837607204
9429,3.620919001232423
5843,-1.4049938927830823
6122,0.1908817766242663
1785,6.154850954218816
5782,12.206198282105746
126,-6.247479134526287
10038,-4.197682003123944
541,12.529529188983624
1599,37.094143482811646
8976,5.028273320107971
2293,-0.6653971029109726
4033,-4.789438396002836
3733,-4.906800089566403
4142,17.932920735007528
9536,5.412454662968955
9848,-0.665383483288295
6200,23.490238838226745
7953,-0.9548581008092611
6889,-6.401561952279351
253,-7.810384905843719
1826,-16.743656781644447
660,-7.4705875009659195
9906,-4.159513078777664
4924,-3.7039396776246036
6860,-8.561196378074058
574,-8.233108495594777
2606,0.3376161116311067
4283,-38.05126913710468
843,6.273247984426419
2529,1.0834798624318154
2754,8.178540922426734
3100,-2.626549941323347
1495,-1.294199907028954
6377,14.472884453293247
5625,0.3651686414869886
10190,0.6360814915479551
4456,8.514877824767481
10157,-0.13649502467289665
2846,-6.916809831618096
3944,-2.885647805306988
5915,-1.7207734777736476
3498,-4.389958903627033
6987,-35.84462176890686
8478,-8.286538508752528
7606,-13.94454197371094
9999,-5.78756004340714
3018,4.285133032271219
1656,-7.935144115236241
5536,3.7889028210606313
6614,-5.8085509062246246
5965,5.629339663370004
7822,2.3790877871657443
2869,7.627532997887712
2227,2.806329887868671
4634,-11.85923174184542
1102,-12.883146491940536
7646,9.70373417238811
7045,-5.019159877736129
1001,-14.152276625945191
9742,-6.434232511367
33,-8.828700671300211
2613,-4.272028848477092
2405,-6.16224308935405
8425,-2.708850645948246
683,-8.869736747878576
9115,-7.846025322938843
8255,8.775818452640465
244,-5.228863722798749
888,15.939137549873834
277,-3.6889943459267016
4716,-5.33886000909736
1455,13.842774736071433
9400,2.84824118909971
1662,5.323854728682633
8268,-14.809838894599139
704,2.7652596434157743
4855,-5.902800537699832
4615,3.158019259943231
5188,29.727332757434382
5468,-2.09494195806262
9398,-8.774276832502423
1884,25.551262968416026
5464,0.8748064841278591
6637,2.4494472345290177
9923,-8.361870675763
7693,-6.274214926871494
1220,-1.9477249915907606
1418,16.668357691610808
6775,18.843212853344525
8773,-6.117956912685074
9247,-3.893675904247459
4873,6.3919548716447
7643,16.10484523278585
3472,-0.8853676042997876
8991,6.112090065953311
9071,10.118664655306631
2250,-2.4945193922813615
2308,-2.569901858346455
9242,-4.038603931930751
3131,12.414554617346354
2448,3.769536887900287
2431,3.9489137579266043
3448,-3.1373590025027767
6340,2.310245439860708
7270,-3.424780871102385
8877,8.177881362317677
7265,-0.614330472692032
5845,0.4658570928313992
390,-30.873166749133944
1002,-3.8425834413924065
4024,-17.361828803624277
2049,33.09357942756206
2183,-3.3518998507471025
8298,2.549474973257688
3029,-6.778690149483211
1942,11.806295507930173
8925,13.126474096427955
7580,-5.121212937407179
7435,2.8566628354829646
7311,-11.300529788547706
170,-8.790188732905861
8865,18.037075343713653
9969,2.1950987282945817
4766,3.2887058009884385
9635,1.0526830670887506
1231,-6.461245650000777
5344,0.03506379985618935
1788,4.804756757732505
2972,-1.1905573310052233
1453,10.318977537843935
4901,22.84412958586428
9641,-6.120701129651522
224,1.273856803260614
735,3.3593626135296333
2193,20.18740974136101
9076,-6.811810418203336
671,-4.278280123832715
9566,-6.237680944730172
2520,-7.001588771719142
5809,-12.570386106864433
5158,-7.014055640305642
3844,-3.0476982341384513
6054,0.18777251100324577
8852,0.8226441485190179
3595,-3.543832945532202
6608,16.55278888445018
5242,-0.49545685611265355
3497,0.7149910710981686
6804,-6.415596701445736
3460,-16.467309794837618
2343,-4.405313499654838
6833,-8.191609974981162
1194,0.18181167994799097
2888,0.6990968834181643
415,-4.400723553795231
8924,10.715806590338829
4017,-3.9429115498217726
9670,5.049261774550288
3382,-3.929420953569874
1654,-11.585881174896699
4764,-8.568614515921652
4015,0.19634686419196612
9187,1.369947228840303
4477,-10.354682137139989
4519,-0.5780450969830184
6420,-3.716419473121121
5544,3.395382652187976
1670,-16.893077393610156
8610,8.283147884722112
5654,-4.251219813852501
4481,-5.2727846977575865
6361,2.306435182508764
10042,-5.482530878600457
398,16.03981960863986
5883,-7.564190185808528
8749,1.7711684911426318
1070,-9.391655758409314
7588,5.621251371267462
7878,0.6626223224347285
7043,-3.9363556235289394
2633,-14.017219784006627
3073,0.8724406324287912
5167,-7.262209915633278
812,-6.719999185261898
476,13.083587626557446
5109,-4.172470653081618
2821,10.900679721249205
7991,3.9883964208038947
4447,11.8295898164222
7626,2.6536566821258916
7371,3.5416714408521983
23,9.558226198268471
3646,4.037895985521715
9360,2.8064662969740795
1861,18.39034555184746
6571,-4.622781588187095
6095,19.334710300065737
3838,-0.16180419379266198
4526,-5.191924316026828
4643,-3.694919755914057
8632,8.695403581680225
8349,1.273782250705139
6129,-2.106679800359373
3132,1.2866744050285632
3410,-1.4772672814989107
9373,-5.6288405880846
5725,-2.167939494726582
369,19.59274567053278
9866,8.520616578780306
8583,1.3049584421237768
9229,0.8729869527249292
7473,2.930666791162153
2782,17.05393446453074
5564,4.660808596599182
6914,-4.804364347505569
9668,0.7308933534883835
2607,-3.11571800163172
883,7.063070465555754
2817,-13.492874223803668
9418,17.007694527742373
5423,-1.697244587326466
6500,0.29694210207102856
7420,16.209831284755424
3432,-0.26701080542336797
7947,-4.169333912924301
2551,-12.65471671109897
1237,-5.825096821329936
4579,-7.804691319103597
8847,3.3940157375875373
2244,-0.724284515209618
7017,-16.946114766180713
3152,40.88332754910819
8810,22.335052408794347
9559,-3.910572493944599
9028,-3.1475103857819278
1554,7.462908309456864
273,12.006250150541334
5905,0.30804194601812185
7040,-9.78001871340085
1382,1.2553671308263858
3806,-1.3779978562900652
8627,3.1866674983416914
1887,12.030900711170531
1712,4.893059709382129
9235,7.753336791332728
4266,-5.35921934452206
1363,-8.538940313136152
3803,-7.9541613516028775
4445,0.19916249163055966
8333,-2.6340441500105243
7066,-2.9830418801365823
8108,2.4387719568468285
5822,-1.875104665900622
2036,3.7282812695849117
519,-5.144731715013862
7576,-2.214801982170954
5924,9.87838541883805
558,-2.8225501272593903
6495,-8.040848362824434
885,5.534927164164898
7946,-12.585902333152603
5982,-2.440070122958957
1149,-1.1219000721408605
6354,-9.279748290608396
7648,7.783519533538197
196,4.599488723202896
4159,-0.15749672426808559
3943,-4.8492718768999765
9213,2.62580814651578
5286,0.7503312245718092
3341,14.878864433038984
776,-6.2591252538876105
8647,-10.147204288466313
4677,7.088079611471116
5590,-2.1300780802321384
4958,-3.5898712176273904
15,0.5392691392911928
6948,-5.84085146211244
32,-8.125236492299521
5081,0.4327708370152976
8897,21.485899956426678
4126,-2.037821906155088
8655,8.157099803441426
1213,-11.279577484809067
2475,-0.1905761488151967
6711,-14.858493622283376
2569,-7.580992263443548
6929,8.721937780737377
7825,2.688150547396006
9591,5.141783280826402
532,6.177532177664077
6018,21.762385716232018
257,4.907944464619632
5665,17.92275777474397
7578,-1.8837697227142627
2182,-7.162131038775513
7550,14.75032719583173
4827,8.833867960027732
7551,15.774144023945198
5385,-7.9408676846733925
8975,4.049983504944336
1559,18.996914403964198
5669,-0.39144880866736287
7962,-7.819139617139356
8812,8.572315360966442
1085,7.751033198062018
9275,4.476361229474421
5461,-1.3946991898948937
2081,-18.96731013809
4848,-7.931632833130308
3459,-16.329281939331537
9394,21.18795393154865
1791,-16.221854317716407
1151,-2.9119640264920577
9005,-4.538968862685081
8675,-6.111404430281098
4512,-5.963565582483099
4804,7.384112210170599
402,15.65869519190575
10036,0.390581400596389
4864,4.603557282265896
9581,-5.115015076415077
1597,4.68218752890418
9157,3.1976131164266377
4339,-4.366242517317389
7275,-4.100178344952113
5095,-8.148696207700752
2189,20.328295164180346
5118,-2.280347633930333
3202,8.059539804327855
10000,-1.4403422807286148
8414,1.6388070252633469
325,-6.841220413935005
1842,11.556710744944859
8287,2.7158702579305185
9971,-0.13156673039689792
3234,-4.114763897365165
9534,19.32944854430427
6701,-5.233180507877094
335,-8.031064311101574
2087,-13.00114847291239
2686,-3.1618578708649494
1176,-3.6090299677385502
6837,5.650073107574357
1645,7.220172735233902
3042,0.02465747195752499
134,-19.550950662048322
6366,-5.3293892536973
6042,3.371810868939363
2571,7.109687312309617
2570,5.1576203333994926
5458,5.102285209971157
8741,-9.80832164840632
7030,-16.012613131355536
2576,-6.991797215759405
4069,20.806944665710873
3260,22.418062815264378
2712,-4.02003271101519
6989,-16.14600070250806
1172,-3.2210859263727514
628,25.157909106896184
6531,0.10607622989083154
3626,-18.156833477455606
4252,-7.369754811070877
6497,-0.03216753786507809
10103,-5.622996094754356
3930,-11.320173366833998
8844,2.239427330530688
1617,5.311032935102773
10008,-2.7684382122144626
2279,2.3461133564277787
2662,3.1059493316032984
893,-1.9202266010924518
9593,2.772838992643514
2617,-1.8330082238645247
8768,-10.50822178194501
3775,-6.9506019113488975
9365,5.944537504723584
1379,1.2854169303886493
6664,3.3337120129188094
8606,2.9921105483818593
5488,3.4068152732579193
8370,2.701715783150277
9520,2.36113636316945
7290,8.063851792337132
8602,-2.1151581018079497
3153,44.967979510367954
8315,-4.03905667055632
620,9.16425953138257
3147,7.5332938069962125
1215,-10.46134409519248
5179,3.050821771035956
2818,-5.7601886964949784
9230,-0.5651492944405447
728,0.04185301562830546
6390,22.432157827217637
5255,-13.960782279294719
2140,5.088751121736024
9142,-2.8052434721408446
2175,-11.372849554824896
7283,12.508061733593124
6162,22.832336992045683
4395,-1.8064725047716905
342,21.0304808150605
8383,1.1952881095543972
8088,-2.1082455076670357
8967,2.474901219609123
4402,-8.736091257801306
3079,-5.723677402850356
6522,-2.0611955154826376
3474,-11.82206930520995
2031,-4.095625464909247
146,15.69487322908411
5438,4.71227527678586
2119,-2.2430816050555933
10192,-10.703921035357794
6317,3.1307111138105057
3885,0.8043715296806653
144,-3.9664656068695336
6754,11.20360010073027
8488,-0.7456278226971591
5728,8.529338600881616
1824,-4.582781648280914
8755,-3.4242665566039676
9862,7.77355443142055
2043,-11.969819185862747
2975,2.3831053067347767
1238,-6.164331160889148
3848,-1.0699906765307645
4236,3.0170170242453054
9983,1.4844517775746198
9741,-8.317398693813303
4430,5.669706002853033
3833,1.5914530494246009
2134,-5.347956580637472
1533,-11.673773337747086
9642,-5.871681245816362
7491,-10.785420261329293
6472,-17.089419752832853
7375,3.9403865512736473
8157,7.4852247195146475
3445,3.848649859751035
8997,-1.204707713981989
98,5.256809615222707
10166,8.940902600030839
2453,7.534797968774839
7279,6.394455207695657
10158,2.236820860279508
3888,5.88378531301673
2402,-13.078762414613337
4136,-5.907067918300967
3545,-0.6225128048944413
4110,4.301017278547974
8758,-4.716513769950822
9833,-14.735392439678222
7517,-8.836459196651631
6017,12.773411688063831
8670,6.2335134903849365
1328,0.8012691170123816
4823,-1.1669032443346197
5161,2.513173919065153
7733,-15.497501645723688
8508,-6.635526203470093
5386,-1.0221115088219932
7109,6.538797163621368
9276,3.281014448526335
4777,-9.506040585885088
6024,9.319994209212311
4874,21.090763646360884
7218,-12.030686396203933
7285,10.809371133371016
1743,-3.369080291472372
5204,-5.987758749158957
7397,9.448704890397053
938,4.9777789502816745
9339,4.031859771057199
7602,-30.76163360906726
4869,-1.3308332691186706
9152,-6.852654768663413
2006,6.865441925530192
1783,-3.5036847579363695
6088,6.114442035251173
9787,-24.388214188026794
5306,7.713437563146115
635,6.736427761318325
10146,5.326222854329828
1915,1.088809977629225
1611,7.881619982291653
2535,-9.007048014479622
1422,-4.927779647829155
8761,-3.9033598576150013
9648,-6.4635653553082335
7094,-14.40089564693001
3353,-7.6755051258463
9968,-0.7183494068281249
7712,-20.624914110665102
489,-4.0097683624182
6105,6.412864295210213
1067,-1.2489454308297923
9962,-3.4104700323956365
9768,0.7910209292600001
3669,-8.50706530489073
1286,7.705091743354416
8228,-9.539773681599499
5460,6.25141039224205
9128,-1.75390544965542
771,10.672623412746496
5849,-0.3624930987181898
5510,1.1793716196624757
9618,-0.8790489001682573
2876,6.8556761003875835
4957,-0.5546947647367944
1751,-0.17048740091406955
2915,3.624148744039715
2030,-0.4974196714819783
5678,9.966027807654726
8932,8.462994320906304
1869,3.7634800438825806
6260,14.668542763531931
9913,12.449197677528716
5639,8.13794188246122
5556,6.19771474842058
2268,-36.481288636209754
9158,4.128960682229732
6759,-2.9056847088489377
5421,-9.502425746472184
4927,-7.8824636094924045
3782,-6.370882067732012
8935,-9.295788104353406
9135,1.0332435707965857
4750,-1.1009161373457488
9496,-0.3288917849269666
4216,-0.5805146924981983
5490,-2.791630543048072
7079,1.258954995763517
3156,24.42038595079957
6086,7.555584522653348
1427,-5.040870557687342
5061,0.4649730572177617
5835,-4.940115621015551
4111,4.285313774597157
4881,7.3609961366603756
1516,0.5323178639726365
587,-1.4302674952523162
1139,-20.240303454107433
8374,4.6720147138528745
1765,21.427388914922062
6737,14.81073628541067
4310,-0.13031376851604648
8525,-14.014945231439796
9921,12.110173588124667
4969,-6.402956203875178
5607,2.2853361293963275
2724,-8.074606671424661
3253,12.306601720361797
6144,5.605123378422078
5798,5.253041754773179
1835,-2.1485558738682045
4807,4.140993482448252
4772,2.438147265657406
7256,-4.941205340055674
7519,0.9616177463972093
3345,-9.58807148035443
7259,10.02036328115075
439,-12.775996750472203
9651,-5.741900998702491
1210,-9.286959005791303
7872,8.648921836988208
4309,-13.280949316530794
6092,1.3318978828587973
1461,0.035684641590421506
4725,-3.25029724757637
4254,-8.217001416184715
2584,1.5022977266989272
2021,7.535694473650992
3007,-1.0632123970213598
3471,-4.753984594794858
9203,8.200591463333794
9603,9.449878517717295
7168,-5.077954950530582
9004,5.181358613189602
3986,7.404833511300652
8379,-1.424499227216657
7683,-2.690022817544886
5067,2.5780098539315475
8381,-1.7604334034788423
4629,-3.3897635089972624
4902,10.963599037763672
5581,-3.1172790135997133
396,16.50116913984799
1978,-5.741386184646686
1946,-6.8559497372809375
7755,3.969650281594326
508,-2.524114832307262
9583,2.179587288722743
1868,3.969989394448689
49,-12.689050365026176
7940,-16.025938269376255
4673,3.812788845251063
3636,-5.636939440072084
9522,2.3903816635581023
5141,6.07471804015141
4484,-0.5609714510627697
3488,-7.8882890712090585
2962,15.390766080104186
8694,-2.1802074419867523
8730,-1.6586590933733447
8301,4.053909192319267
8539,-0.41845097846182
6458,-17.33210294546423
2002,-3.1537705129310183
1852,6.0786955274598995
7372,3.527075233025741
4410,-0.8785289650283659
4343,-4.8528569374655035
237,-19.002989348860083
7631,-1.8493426326799352
5022,-8.937076674562476
6423,17.472544764131968
38,6.525187438993427
5357,3.4397807584137325
9141,-0.44033681166884264
2550,-3.341572441412225
4974,2.739587910647046
5613,-9.636342668928435
5508,-0.6465547653911301
6997,-28.624531134415705
7133,0.20352610885394995
4774,0.8207386163015968
3197,5.90588303874712
9159,5.1740468647406175
313,-1.593495101248962
9751,-5.727349044340983
3485,-5.805041149773459
2984,-2.215924215630011
8656,8.370614563646726
852,4.844159768778454
9927,20.36984053404774
2632,17.235058011438852
4129,0.03499803099619214
1536,8.401081742670073
4749,0.6665458886224513
4265,0.8556411335049887
8137,16.689782950609
3299,1.4025003230610054
2164,12.609632400958546
4101,2.6314215063362525
8774,-2.60878665010317
5173,22.71197760942819
3083,28.41963064702786
4495,6.701958798702293
9967,-1.3392536839264864
422,3.629901331701319
4622,2.371140477492119
8278,10.830892197613522
9395,8.041777893835885
9945,11.088108906171598
3910,-0.04400386122706834
4488,-2.907445895447509
760,5.089536404937007
3652,-6.867328805075729
4038,-1.0430466788893824
5656,-3.728921164701518
9965,-3.565985636413174
4387,7.675663298526601
233,-11.779342057960477
509,-1.9803564237651727
9382,3.0160556853098797
1136,-21.1814712501036
3664,-6.858246817772837
188,-5.513080560758112
4089,14.125976653778693
5168,-5.1956109734110925
3874,-0.9218629770243751
8479,-12.94071442319337
5404,-9.588598044448887
1358,-0.7108064107212897
7347,-14.905699026773178
3523,-15.117976153304838
10120,-12.104714191029089
2983,-2.620121630440636
6330,2.565262533901816
1831,-19.269988750259316
4753,-4.5541811513937915
50,-8.949747754982539
10066,-9.258254268580416
9686,1.3878444618662371
5281,7.892095023186485
5744,10.39037299953712
6667,-3.796539311655792
2747,2.497032193018569
6225,12.650332929027101
6043,2.5582621326123416
2128,-17.208478964798886
6816,-3.1658606031025016
2443,9.68254562939812
7243,-0.21816485912630412
5429,-5.8189409448973635
1997,-0.4884254999442845
5475,2.658353437846543
4691,-0.2180889145511884
5889,-3.370714493054436
1163,-12.338440934945837
7126,-8.375725338137599
1051,-5.435206700748111
2016,-0.802103049062282
4076,7.35123436770327
8558,-10.59529982626266
9995,-11.120503544425546
1124,1.8867646924135641
9445,-3.2799798213383866
3046,2.947483514620231
9456,0.5257299190848386
6002,-4.443672108315084
878,15.051685133643389
5770,10.740318853953028
1123,-7.791152876916229
1374,-13.930196915249283
7251,9.622948155104481
5759,6.279657177878292
4226,-8.059944236697376
4624,-2.4006453742681657
3682,-3.3486554580440924
10162,-0.2803238428590049
5194,5.752845881838468
7945,-3.232279677757191
7051,11.852581001683504
143,-4.760333092119737
4727,-5.1366839577551815
3493,1.6789530626008826
8495,-11.939982066694952
4872,-3.26337366526856
5891,-5.310286598042865
1403,0.8218847433978311
3461,-21.82280605699073
1282,1.623185395366292
7440,4.373513627117845
7678,-7.407177762535092
6141,4.288063019343312
5872,-3.0204148610612123
4563,-16.527836017056288
5176,7.498273629090491
1285,12.729721153867494
2588,-4.413882126703427
7131,-14.545710416139414
8747,0.3247381797305451
380,-1.6120426837476174
384,10.821706875388074
3730,0.022719882332793873
4328,-18.892536838309937
3514,0.5859527305300531
6923,-5.287242226136428
6461,-6.385305968455057
9898,-4.127225812621575
5408,-6.959493499033286
7229,6.68023055067512
3118,6.0957362056728215
7664,-3.168233883238358
8541,-12.193233332059108
3071,-0.5962801635552211
7047,25.51604659600808
738,2.773887818788964
174,21.440422396683445
6946,14.28346779979448
8499,-11.491915909309157
8554,9.047661629703882
4546,2.8978784424729014
343,23.10499600138131
7864,9.421326241827998
3025,8.45731593958375
3913,0.9425778102197597
5658,-7.545954292555919
1255,3.216538628542523
8335,-4.463880666898845
397,18.625159319244702
5007,-3.0634192766393227
7127,-10.714898627273456
220,1.8396149285892278
9905,0.05635160045223131
8642,-4.640349452647769
6123,-14.160007563571142
8771,8.240116391682776
5559,-10.310515990066605
4575,-3.238778669191973
8243,5.147869090036295
9948,-1.5404899406243118
2446,-1.9971035403787738
8163,-1.9803884078459717
4726,-5.600073534049287
8320,3.635255851348731
3161,-0.9942155402674899
2153,8.442661082545712
4034,-3.041262457888351
3181,2.654272445685521
5257,-5.536915383626422
2423,6.446756734284392
1281,-2.49653067429297
8239,-0.13573120125911942
6113,19.53622206940581
9655,-7.468275665417153
6988,-19.15984952503318
6986,-20.974743239022658
9257,11.930546263446374
9628,-4.691814878893254
7799,4.602952324591584
5253,-1.4541005651180825
3358,-8.23102514161296
4030,1.11107876457406
9350,-6.089097419663588
1257,2.895470646604892
5989,3.189094415393143
2007,0.9197755326849091
7130,-20.972555664804432
3719,4.560947531956103
9291,-0.7928637095264577
5706,6.706211936269071
3030,-2.4960998134867083
2118,-5.211454577324801
7436,2.8291100519800665
289,0.2598729761234466
9695,-0.3621893122043076
1856,6.191401254654764
9060,-2.6929609951065316
6826,7.619705492260437
3269,9.926012915278278
7884,25.30586857574228
1166,-19.928910026340745
3639,-4.793870548676367
9116,1.8172528805559267
7707,-3.554545409124259
5297,2.541084492870695
9364,1.2589591373822344
9064,10.060775678171908
3650,-19.67018628706431
8974,11.998245390845497
10099,4.904669571494125
3856,11.341430539436189
5293,-10.80220899294899
1334,1.631646166369805
6792,12.311396206326762
3653,-4.160219494918707
7343,-10.157917681420301
4585,-2.2176688217563907
7038,-4.853312785537113
6938,-9.414926276764461
2384,-3.665301660824369
627,-4.924786414812523
7903,-5.018116724769314
4713,-8.720157544528249
5392,3.8360721984411015
3614,-9.901378899919408
6106,4.079011948782451
7873,-4.939041018133892
2730,4.620950924147948
7223,-13.59111119136692
6579,-2.5813735556565263
3564,5.512444233459846
9600,6.8367476777226415
831,12.830814749186104
304,-5.490933416243777
2152,5.906949251512671
8183,-1.3534190470688117
8446,-6.546843154768581
281,-4.207200709833444
3759,-14.964506412096014
7192,-3.7171365184806433
5836,-5.789440264356543
8297,0.7304380246707041
2573,1.1564281110496921
3723,3.949023091624994
4448,11.727247122105283
2652,-11.866241842833077
2701,24.81735953637046
9414,0.27339441060459535
9036,-12.2185524812745
6963,34.07729503013165
895,-2.88378648288149
5495,3.7343034035046827
772,10.013287727416625
9720,-9.985818619509544
1332,16.50454175865569
3927,-8.002232632845534
8241,4.794474863260021
4144,28.990612661779934
3706,-8.301100040743862
10176,-7.372571762955182
9442,5.2160993205697395
6601,-9.472053125637345
1456,10.657275898087022
5875,-4.138460063304791
10082,0.508439177517225
8112,-8.347874660002034
7020,-12.950107087514894
6202,14.1330895872796
317,-7.825947051628489
4580,-4.319344654410017
6836,3.278884813423687
3039,0.9192292009865781
1275,9.502092215814017
7904,-5.968336228880915
5097,4.57123670643152
6143,11.659744119301465
8845,1.522563318318916
5500,-11.769136622447874
4008,3.3604816139692133
5939,-6.77168783041472
1570,12.63003908284243
1065,-2.781939039169089
9650,-4.49530085284006
4375,-1.9183129583377365
7264,3.9252689316876825
1425,-2.2383138416121966
7933,-2.992272700597809
8600,8.597002076369265
8942,1.4446188968609448
5186,7.453433892923599
5099,-4.849098766596583
2995,5.225359873838997
2940,2.7855954755417116
8168,4.396245361523967
1189,2.000492823048667
8607,6.636039996850755
388,-25.425067940872438
6924,-2.9143229749672486
6677,10.518430764894944
9896,-3.577000259025155
8950,5.196359556161994
4721,2.480016267486789
8835,15.045342205900681
6510,0.009916966737009147
5659,3.3857983592704244
4647,-1.5284352009403648
5094,6.696387035266085
2760,2.817411577172166
8431,11.966591923443943
8066,7.807513383537682
103,-1.8876159154972072
1218,-11.57844008966849
5792,7.161863284648732
4861,-2.472801831428754
8031,-6.959416582194805
393,5.707499962542144
5356,-2.6901080942683535
6562,-7.200799290651915
8410,-0.81007879829248
8598,5.568948537186472
4645,1.5971934251351598
5566,7.852030368494553
1594,1.2428127170522743
5824,0.23276434391432588
6917,-4.734418562333602
2499,2.7234799746301377
158,6.224684621017062
8186,-10.801492763815105
6394,6.684592405391811
4275,-5.122137723016024
3329,-6.469806337015811
9305,0.44695492975488094
216,1.0616043874392602
2985,5.90565151893172
6220,28.10706439491308
5044,1.7011524775431468
8182,6.136998588657448
5482,1.5932795937274449
1718,4.618647798652674
9118,-1.430382251863037
5006,-4.303551717349379
2646,-6.119150351828537
5578,5.859306599105437
8869,6.4608836626547514
3789,-5.1782092267065565
5148,-8.629945965245568
6223,17.399059177041437
4131,-4.581433710025138
9256,-0.8396456858185388
9564,-5.39567795974547
9572,4.427399095160197
5540,-2.953375563269603
4732,7.782733615133225
6427,4.661064680525428
8184,-1.3534635078776063
6215,7.221366623447054
7682,-6.637383353306873
8903,4.487470161471535
9763,-18.96936229130459
747,-4.345228746060755
802,-9.103488297064949
1180,-12.136342721661805
3180,4.941419554978509
8405,-5.276595021478741
2060,-0.38586040584225145
7771,-7.260983853422729
1170,-2.986372520078774
4497,11.112017467782564
10171,-2.631605933612107
8307,0.03461772703538202
6355,8.788242731129046
1643,4.8388736930692104
1437,-6.5611759257507885
5554,-5.288025939878466
561,-0.2882327954757784
9738,-11.465022182764741
5206,-6.073355632174071
2509,1.3376766662367316
394,-6.850777462623071
9853,10.97243943252549
8334,-4.955324934376378
3065,5.171952987440406
1017,-11.577751111565107
3925,-2.727639253105636
3779,-7.317542893924212
5270,-1.5977448626180006
5231,-6.78510839253785
3101,3.3829795396948015
9190,2.018035095236357
3691,-2.0798517632413933
7686,5.306288304259496
10054,1.0850274161283977
379,-1.1615986975468928
2519,1.4828236777929504
4700,1.149424869969394
7187,-5.208804399525619
122,19.902036456775136
9888,-4.402181137470464
8880,16.738590446250598
5419,-3.547391345005664
1768,29.60197012467691
5147,-3.7335015965627036
3689,-7.589535382258802
10165,-5.106739477248098
526,-13.431688584921588
9154,-4.349612620784612
6920,1.1639978739886914
4503,-5.839391914577803
9858,4.638531157109682
1678,-1.3392774704372812
8904,-7.857472705708531
7887,11.338467817390367
3714,-3.5326558561478834
8779,3.6596558201764395
6740,7.20138522608427
5436,-0.43250595156338534
8362,-1.547945151373213
7136,22.457689279510802
7553,12.047259968347632
3991,10.739802608926809
6307,-4.321940196570168
1353,-0.9163301866752391
6700,-4.443344764830968
7009,-10.639398411746
8543,2.783347107028874
2577,-2.4673095231767803
9860,11.92853397170579
2305,16.20543346704919
5399,-3.1133482795012952
4115,2.8532871783447007
8440,-5.800607397467573
9561,9.7830328319789
187,-9.73311480648583
3169,6.1765722842334725
185,1.826408739784
4771,2.9019744420320137
6191,3.834509547380023
4977,0.3614172629094554
8764,5.142760526369429
6155,-10.458834677657137
1733,5.383735944561565
2090,7.715256003192891
9222,11.305645010505955
4302,-7.9674059596849816
5771,10.315388468483697
7823,2.2421921983380884
9001,3.325831740168198
7240,-2.9294742251660324
4775,-2.9953173211670645
8151,5.189447399815705
6622,-0.909087488383264
3638,-7.7704456503664545
7574,5.963251562045642
5326,-0.08489543718475545
9782,-1.7552794793804054
8358,-27.331724839346435
10096,1.2458415737737454
7430,-7.466725336827224
8807,-4.8485447974936875
4894,-2.6925314522916466
7865,7.426863302602371
1819,7.829054336962017
9244,-5.484587057080418
1638,-2.6385794068118713
4780,16.49072514582616
9826,-6.490499418746779
4475,-0.35038260724026316
1624,18.06567141787643
9200,13.095018832482467
5941,-3.6489683734810114
7597,-4.20556116284952
376,-3.2018064017663903
9663,5.817676865450828
356,-3.894233184610002
3194,-0.35805824802524455
7095,-12.096718732836635
4578,-7.750382039939723
5634,-12.729455519794627
2054,-10.751392229688875
6736,14.49619936085233
7857,7.348222555117772
7002,-41.195615679862
3705,-8.043796930651567
8132,1.6017583385985716
4311,-5.136004967350303
8613,0.11921034467762581
987,4.558986054635895
8337,-0.8634321039567538
3972,12.253890103367326
825,0.0405749170269587
7542,-10.826496778122717
5243,3.618664752090396
9778,-6.47419384892369
8036,-5.370065457419585
1917,2.2810091709064437
4555,-0.4648939533794163
4228,-7.355310727432581
2826,6.6536288615837265
7455,3.741660393602885
4906,2.000579544431716
3637,-5.833540778433317
1714,3.5919078288483632
2076,-2.135326086523449
3728,0.5623814683714699
3184,9.373053040792044
867,10.241147866444052
147,8.335202770050543
7261,12.751786290483338
2921,-2.072416665588051
2059,-3.0613239948876156
3908,2.077640549040197
1116,-23.055202481732707
4231,-8.553336128417797
2378,-0.3056529838477928
8339,-0.7271699337093338
2503,2.519375627863994
9688,-2.6689871672638645
9300,9.295009808216676
5032,-3.599560345033055
7394,7.542534984093763
5378,-6.484460554360126
6526,-6.204904359798803
1931,18.88371231491503
2661,2.5087968133038174
6681,20.706881786084338
2898,-7.728475678937301
864,6.2784405897330515
5013,-3.717130447308108
5790,9.602999696078356
4911,-0.5637642222559265
5640,7.820380808262698
7292,-1.194146712384324
5377,-2.315121105372995
9731,-7.253342607257636
3975,-1.4551768441709214
1715,0.5748292321958814
4022,-7.587309389729413
2872,6.205797297901583
8895,18.744951677741525
7568,-8.149599371114917
2678,-3.1581358632420944
3826,-8.290084360024977
7840,10.15810768074111
4658,-1.5176315108933096
4214,-4.5141009484652415
7861,6.172034861137021
8566,11.995922604196025
8833,18.590134709336226
8681,-5.8107461985173785
7984,-1.055709169507665
6659,1.9150903501802503
5606,-0.2742045112243119
1571,2.1982961058790664
1223,-2.2876536106453003
544,1.7704604431414666
643,-1.1661358566269087
6157,-22.179135458986266
5721,11.97814101446589
1690,-6.501186334020829
4846,0.09010007023424293
866,14.735621155640231
7583,-0.08494379100481808
6631,30.83647973935608
6375,20.437299478262517
787,8.639188182805398
2048,19.213262886793913
9046,1.3587010568480054
7215,18.623841346959054
3992,6.44701399674851
9432,2.787441837390432
3207,-7.686751225516289
5827,-0.8664451258179042
3160,10.42008887628792
7141,8.654550091570783
9997,-14.36056021020704
4235,6.024225713125006
8759,-8.78126867645544
2456,3.413355296614938
2406,-9.725949088216183
10210,15.291304555861544
821,-4.213489896186786
3800,-3.2100164419183415
5412,0.5844648156833756
5873,-5.087708746168758
4104,18.507462843976143
1710,3.7581791207859254
1986,7.040601231319883
9879,13.043057998420622
5415,1.3968553920653193
5664,29.137165560546677
1037,-3.412101648916618
5139,14.095992015704198
2664,-1.7213192221925766
4528,-2.5819935546342805
7610,-11.052675250842995
4532,-3.3637623509776944
3847,-3.7879037088623164
1774,4.257605821858888
1086,0.3843499122248488
2097,4.91870952699621
7846,24.343768487151678
496,-7.676623855341418
7380,-10.826755476004408
1957,5.525048698278951
229,3.1122667069786303
8097,2.485541976810701
8680,4.863132238545731
8612,-0.9545316906070838
5035,-5.1844507601958725
9070,11.6554351915144
1003,1.3968918857473795
2476,-0.29341096082778506
9231,7.545815714389434
9367,-1.7276865161011585
8421,1.7232328347276962
8218,-28.615768511845516
5700,6.400525677049757
1362,-8.480249622045719
7620,-6.864251098019352
2315,2.4540254478715013
8892,-2.010447344919484
440,-8.974154602173556
9063,10.169486099217593
4816,0.8187800161929744
4612,-6.288574300897281
944,9.47909127308155
472,-2.089944956562718
9338,5.2604229190688585
2769,0.1599425366926397
633,4.311096765464399
4635,-10.145210158370745
7972,-1.0802424273511662
1755,3.041164101003943
756,-10.689483197538053
3757,-12.896696706368417
1661,16.452667221192016
4498,-4.155402775754922
5355,-9.9286995900883
743,-0.7422602343581985
1815,8.293797753482906
8265,-5.73132791672019
1044,0.9806905763457721
5926,0.2957358327196147
5359,6.603948048703771
8069,2.816515661351687
8968,8.00924508912503
1063,-11.97731100114531
8682,-0.9134903171430295
3193,-2.524948825309181
3634,-5.185501908751988
9451,-0.6131854259024152
1112,-6.808677139951172
2676,6.064177623154066
8259,6.087351306627625
9023,4.619952868355355
8331,-4.1906548597937245
6248,23.16920156606325
5428,-8.680258288936287
5667,20.016658717128436
4128,-0.6905296345604341
979,-0.39142192399664566
420,2.2110718535644622
156,4.474747987145733
2337,-1.7837015803971354
4582,-2.727966931495203
9493,10.501175605134378
1127,-9.030290641716434
5375,-5.693757857471027
5069,4.787039907814133
2506,-8.306852281974969
2237,15.090780410374393
6821,-7.833973573087363
407,-3.4071853854091643
6916,-4.640578792579319
321,4.559417052463843
6935,-16.484082512325656
9263,9.176114899378277
3051,-0.7942348175747753
7054,-1.9942755367147385
1538,-4.588996039871773
5587,-5.4499254797295436
7472,-4.13534693284889
8992,12.967510446513003
6164,17.3001397763163
9102,-6.326142408730263
3086,7.588450640334798
4709,11.78606317005547
9287,-5.111189186853508
9314,0.8418504604525623
8225,2.9538858630459544
4963,-5.4572470914446
2137,-1.8695939209038244
9251,-220.4658840760756
3327,-8.299048089615283
4639,-3.3157502502579206
8193,-16.188880998053804
10130,-2.1126356795913495
4306,-2.466901915895207
7360,-5.662254183542572
4347,-10.79582873808252
6578,-11.478711240678237
4853,0.8435513966191053
6078,5.504952602004735
1675,9.445332962241523
6012,-2.1879765891620906
1833,-13.401024775171464
5275,-2.181094624232955
2528,3.568902126229588
6035,-0.5791851602357525
283,-5.4159988505901
1013,-7.859212020283238
1388,2.7335711819788884
274,11.740085617482393
3852,-0.2073467323405822
3019,1.8297025327797058
3656,-6.780476407948697
484,-0.9170232877707605
6025,2.5472223535676193
7897,-9.570700013887333
162,-15.527296248535563
2427,-9.382610057605305
3010,11.636080642173724
3679,1.7389755859050382
3942,-10.014396901299719
1796,-10.674966935259889
3894,-5.598393584280714
7732,2.2403794560417936
6488,-4.541861333412115
1034,-13.212861593218307
5159,-5.823271604025848
6813,4.622611575845426
8485,10.950426450647953
3546,0.5648785612336695
5120,6.164356468376738
1457,-8.604038447495626
2265,1.5984439918037623
1525,2.728467936228256
1837,12.712375685133168
7403,4.975175245549096
8507,0.3413421887441217
4523,-12.31712273424894
8705,-9.310047101178966
5885,-5.728949852867416
1364,-0.5917360666199869
1691,-12.549701556201356
9474,-0.5151718408417025
9416,-0.05735806157572654
4406,4.277692979360651
5998,-1.376336502908444
2161,-12.937157780877058
10070,-1.243484936033397
7247,-22.28729861713883
6978,-5.066428325600057
2178,0.24024010963050557
6586,2.853883734509324
4068,15.167782649442962
20,-6.692828861962326
5976,0.1028589828372759
8805,-9.782027037569222
3766,-17.391407151505305
7149,6.2837501441724015
9911,1.1151426835085516
8800,4.017537059359782
7171,-17.544480664874484
6783,-29.50919110764734
2104,1.9853576482409352
4598,-8.869563028394296
5953,-6.3189508128750305
3662,-3.100314035311058
8949,-10.363261577749896
7159,-5.67948333149981
9281,6.944783183878073
3618,-7.5801230685373895
3580,2.556067230510834
7479,0.8589685340862303
4719,-3.580955550202546
5211,8.804935411029717
8586,0.07696444840014749
3223,12.19626405449047
7672,1.252567985675583
2838,-2.576981187053704
7753,-16.232803248891727
3437,-4.127087923944103
9809,7.014592100290841
4372,-19.264546725793522
8323,7.611595046940906
9202,5.947753800409359
5589,-9.125705518612236
6478,-4.63920645204017
7770,-1.9936011663385926
6866,-1.2356034107670695
5187,8.221409242132879
4087,6.699812197173273
3861,5.079148019665794
808,0.6442415733767888
844,-1.6880490777518418
4539,-10.29362423989825
733,5.613484554823067
6387,23.4337997957805
10191,-7.3182766483822235
1150,-9.7295526387217
5923,7.30896784677725
7673,5.800949771061283
7077,0.1592766297974748
4644,2.700656453598114
543,8.611047196773995
7353,3.7393480354602815
7287,12.143356398237657
6022,0.8225767000865147
8699,-7.6520592590330665
2999,6.7398234474386385
5334,-11.550293456642166
2735,4.018641377861897
1502,-8.618101576051401
6665,0.6269735849932516
3774,-7.626998329391043
7104,4.403602056067612
5950,-9.316733605054978
4255,-8.805995565074582
7925,5.647441453989629
9298,17.51996096409229
8643,-2.8889524496390635
9487,27.350675711602705
6748,17.648171240049876
525,-7.525473974790984
5030,-5.880356127403289
9368,13.73382673279356
2930,-2.7751047011571615
7778,2.3628668063192606
2578,1.0534631297236245
8232,8.156197452388923
6784,-18.144788424721625
7418,6.2649916349889025
2580,11.708786228473329
7304,-0.6977412588119734
5943,-2.453222525049867
7625,1.4928980696510479
3149,1.8972596656328875
4194,-4.282096903835921
7331,-1.8325510751362373
842,-2.5408546434790438
9347,12.316038060206992
1939,16.493626622991243
2284,-2.3006671830431316
8187,-8.65359405959039
1589,-11.728950573100661
4981,6.141983266637155
326,-5.929242054627082
4948,7.3356525580594365
463,-0.3859885498261093
3359,-11.68476732464542
4516,-16.18449149346536
8884,-6.739021724245291
5711,1.0035475767322595
6083,-0.7729243085588706
5716,12.60295336809547
4439,4.02613111775527
9189,-0.7986593188999933
2436,1.0043515441438302
9928,19.37297121247299
3858,6.147887633597904
1141,-1.9099087355695588
845,-7.758190810927331
4482,-3.5114698107959867
10104,-3.3109701983542976
8940,-5.809255953943321
914,-4.843595901302834
151,7.358298566319874
614,5.32016998968912
6529,-4.243952757015236
9344,8.082623115276547
5002,1.7909744242097503
4016,-0.5580027904652667
9320,3.3814540142199547
8426,-3.451341876875844
212,-0.34122995716627713
7674,8.23718948608797
10073,-9.359371721298672
2643,-0.025145755224073696
3750,-4.831098393151777
1414,5.203487532256801
4847,-5.368873311676722
7190,1.4266501856649683
9173,-6.735197941249183
9509,8.057299114482547
725,5.539204494934211
1019,6.073206700099277
6339,6.865470288669556
2980,1.0084136844805158
4148,-5.827442033143896
2759,1.666575704233324
2543,-17.081722900161438
172,22.706973713666954
4446,-4.07108000416784
1812,21.324392366694823
4995,-8.648801299753103
10023,1.838704534874907
6760,-3.1705899394866464
3558,5.7930126662972015
1490,-4.014917619744111
22,10.888759561343633
8551,-12.467328126668875
6725,-0.07732462114661587
9617,1.0994058528977604
896,0.9899439912529004
3701,0.7591473168520366
8324,7.360248597449058
6239,3.366924829083061
4185,-4.118464807632222
1168,-5.324763406699347
4240,5.476372171338014
5453,-0.9504697396038324
8838,2.3867383023436304
3931,-3.376011570990002
7912,-2.550744090133364
6163,25.639972348513524
9381,2.195203827526356
7539,4.308776776989802
3784,-10.049216390274935
4991,-7.661938427089126
989,0.6335778898273219
3895,-7.387260195079037
8155,-1.7948958802354156
6734,6.2976788332648965
3619,-2.8577429980071685
2799,7.977983286477908
6275,-7.361968072220705
6261,10.487077084946165
4663,-10.114150968321908
5143,25.196693190170137
10163,0.5178358033042656
4436,-1.6318707391968275
5699,10.27849820342341
1573,2.4576737002424665
4105,-3.1440787283315643
461,-2.1210398901245213
1904,16.320334002028105
8593,14.706260187026075
837,23.062804465819724
286,-17.58679165149188
5456,-9.035238072419205
8317,4.3699550800676406
642,-0.2789336204120474
7784,-3.3999379310369733
152,1.2181192982820193
9062,3.7654819647684974
5601,-1.3490933509312129
8492,1.0194025205144754
3344,-11.47392234403766
908,-1.731967422679375
641,12.406401719543325
6541,-0.5719515263301247
10208,-1.206510306982139
4982,1.9968515517546592
1916,1.5609784495327261
6881,2.9023366214141646
1789,-6.50172263303881
7807,-4.725755967508846
5395,5.225293126249383
3831,5.314462093514109
9667,1.3792415858381872
9212,1.2697222415403502
9785,-18.505131450648506
1371,-12.589967473452177
7475,-2.9718052599647677
6850,5.452100269728291
2088,-8.218861093334155
5338,-0.43095288888601146
6399,11.693559968822285
3240,-8.109951575690147
3090,2.850598378273432
276,1.3291987857140128
4521,0.21364112103604782
318,-4.6107624933602125
4782,11.103078692521578
7376,3.674387847787173
6919,-0.744840850755125
1995,7.325806966680247
9762,-12.473808558690493
2539,-13.635213181135512
5541,-0.9139595493459893
7480,4.7804041463687525
794,-7.762946812480962
2847,-1.86863836554717
7115,1.9794050174565854
9953,4.54833216064749
294,-3.73758938952615
3648,-17.179872888242116
1203,-10.451517307341518
3170,9.082870813404938
4291,-5.870598000371629
3263,13.084406962484806
7827,-7.2865905831883
637,2.2666020169228176
7423,9.338732813325791
8662,-2.8783763053390743
1259,4.904498795514186
2150,-1.055499739169207
2398,-0.6869024929738572
186,-8.031338216264423
8449,-13.273694492722669
2253,18.990116197085555
4492,-5.7698505016314385
8204,-19.479807663365264
5890,-1.8404650227355432
962,-5.300296311264688
7743,-2.7036856007842545
5075,-10.894779474254804
1479,-9.335930067821131
882,19.919344774008934
2111,-4.3933995906327965
9577,15.45461783351
6065,-1.5930874630134468
1652,9.137854825442489
3812,-5.816089799133536
7060,-0.6090266583298813
5603,-6.745607818400529
9974,1.366531842348067
5078,-1.4498226765692408
2563,4.423692537205099
4627,-3.0494466465274144
811,-9.002984473794939
2545,0.10207048309386835
1940,14.008619221144002
4140,9.301941989635267
5977,0.3798931317076466
3435,-12.531985702534499
8831,3.3696377178676187
2229,-0.27489803410306024
1750,2.850483943880178
7618,-1.6981767867328728
9390,-4.357237477583865
6283,-2.501251586508616
8047,-7.308653847301898
7039,-9.358624382891165
4676,6.917296610008151
8791,1.4102264054542246
6796,-5.365284881373057
7757,6.4023831729688965
8055,-7.927532339092082
2412,-8.496142491371828
5452,-2.3685796136623054
675,5.568609864635178
6561,-15.661964746693926
2381,-1.2401724211259335
6425,28.716220167956735
4797,-0.1954664769603056
2214,-2.654758229738107
1569,13.068006490581872
5138,9.09655200454202
9489,1.7265014217352501
3709,-4.105809940819896
72,-3.6163657952914647
3954,-0.027614794517958785
1854,-0.25142775653944227
2217,37.18080253971577
360,-13.035874500117203
548,8.433678115924259
2631,28.515243492011834
5513,0.34492582569701824
1921,-8.695977241455537
2196,0.9152672024619477
2967,-16.357256335266314
4125,-0.2932139921877166
5757,10.769959531226974
3505,8.812164987830172
2774,32.569928717389914
9748,-8.372884567098694
7169,-17.1610425010701
4134,-6.559405194899242
1580,11.733077503446609
9567,-4.900885293570539
4871,-4.09181400369765
9096,-3.721607812278492
9252,-11.940539156555772
865,10.241186723942747
2294,-0.1767356852765971
6352,14.791001185969705
7349,-4.607896286631174
7701,-7.979060018325541
7706,-2.4761441775222153
2784,-9.295087074807512
2849,2.090263712831117
7310,27.839768306425626
155,5.581700008501471
5877,-7.881853521739387
2828,2.513208442728782
4463,2.9405991148521338
5739,13.442762438987458
4388,4.8710040594829564
6178,-9.42899025120333
2149,-2.9012199514500736
3820,-2.2129799089159548
9719,-3.3985160052192924
2933,-1.8408006537984107
3538,1.7175705869464508
5697,10.509051485565593
1513,15.971070770720914
1315,0.6041028587964661
1249,-9.928561660308006
8322,6.544917157785889
6477,-1.6404763139741902
9699,-7.485519602388763
4390,-3.303166344812084
5970,8.40378254449449
6104,13.826315696452568
5964,-0.8771520325718001
8788,5.057411623290918
4117,15.751242833047158
697,3.374097672450759
8669,-2.2913473111115223
2620,2.7879535570654497
9672,-8.682804333280458
8777,-9.210927226923374
9265,3.9338435444925466
2158,8.211027277174182
3318,15.744260539056732
1267,-2.8158367080358175
7113,6.435671749743037
8444,-0.8291486231028955
2041,-9.025061539705277
1108,-7.907802697176507
4290,-5.707603639443235
3214,5.980324355859423
700,2.362690159171251
3768,-9.360356743659807
1621,0.369918666454609
9533,27.670558101715727
800,-10.6426487519241
4637,6.504988367386275
3378,3.892860652649617
5788,12.70517932778175
8530,-10.949854013166217
3798,-8.583441793936046
3315,-7.07628471008492
2330,8.119378421976691
4501,-0.3806083246118561
640,15.47007799004271
8620,-8.003231504348449
2462,3.1141714227750725
3464,-4.202170695480689
3114,-0.517970828462424
6630,37.80271153019264
8668,-0.5294711935031131
9760,-3.224196212412025
10087,-2.743797459436067
1977,-1.7640589607609485
916,-8.492104774253804
3232,-3.767853338314538
217,12.702182931480806
1625,2.266037192369751
7084,-2.790741995405952
6791,16.35055644261051
8825,4.841149281232745
3213,8.37417721867699
4393,-4.022860239952692
6839,-6.416448552838077
3009,-2.012127712847814
4606,-6.2246936089986065
3581,-6.133997877287712
9620,1.2090493815769463
3747,-1.223824686762228
5467,4.719915060458064
3050,0.2970024472908932
8213,-9.418534747941024
9955,6.282332321781851
4247,-3.7960918701296578
514,-3.5197963268037427
9010,-4.7734370313807375
1277,-3.865639596341751
2587,9.28000738409439
9459,-0.0028426044806195705
1848,4.991423075726871
7015,-7.204110471063487
2658,-2.0348597317707373
3987,8.267779899426998
3311,-6.794983686312278
9450,-8.109679760551742
3663,-0.883544597146809
685,7.91653543570024
7260,16.960508558810304
2602,-3.4676037305953997
3840,-0.8704869980978316
3408,-2.1925673032164212
2861,4.304986866435499
8312,4.013108698782801
3515,-1.235241994108108
6297,0.16783753906268828
3284,-1.2115812077061747
7064,-7.835671488583515
9747,-10.15891885357928
7862,4.3692621264167855
6031,5.246893500777233
4018,0.4231346249514587
8371,-10.360245569834703
5025,2.345660590961515
2020,3.84828784041558
9859,7.769891827760134
9499,-6.856401365349569
6544,-6.899184928042004
2554,6.993705949394027
684,-5.4305448525751245
1771,-2.1818709066216257
3453,-1.6175976322514458
5920,-4.055468059665984
6721,2.636239514158703
1386,-7.061929607934033
6057,0.8112287024472238
7081,-0.7268700324353148
200,21.204980515753718
5124,0.0166367043797635
8955,-0.24637840475317319
8190,-6.027631553644724
9481,5.55683171953298
624,-0.9573716981847582
7336,-6.0009950033813055
1225,-6.966105331835379
7532,3.832564677707225
1701,-3.3675216980152385
9072,9.843280573676381
3671,5.741146948752814
5229,-4.249841225373316
10168,-9.816563831934232
14,1.2798071743651889
6131,-3.1205058103359846
7364,2.110673012480831
8384,0.8866989322969374
4623,-1.0593410916953445
5463,-1.8523645460507652
3855,11.372796396066448
829,5.167439815446798
4549,-1.7327517575316307
10199,0.333533561018001
2176,-9.737921156215705
261,2.4568961813801735
8792,-0.9160542418940878
4866,4.7057517089371
8555,5.5770975282597846
6730,-2.6818999628772673
9783,-14.752045904451862
90,-2.148182916263849
4897,5.117548882669993
5777,2.1538381770294137
10183,-1.6800751958333109
5380,-5.924133026581231
9201,9.49851677358545
7269,-0.2528230256359194
4220,-10.439343527643203
6627,-7.164868604107042
3761,-7.895982928012543
7383,-14.897519462673998
6441,11.128023147137057
1900,-7.581877314160735
3078,-2.0451176250893326
6883,-10.580752718130512
958,-13.321473987578756
1234,-2.392678741834814
9084,7.501327076939802
4127,-2.51832650070223
2693,6.810595268616382
5191,-4.465377950887117
9363,0.4062457900270573
5815,-6.059551826195232
1357,0.15238722189448595
6843,-0.9406696420200689
1284,19.853549004895683
5585,1.6333095942640767
1515,-0.5326727966243112
8575,-2.6336608022474195
5119,-9.659656324002654
7941,-18.43381793651912
5786,-2.072239974457304
5462,-2.594642977073775
5841,0.5617398182025397
7725,1.8414840093035565
6492,-6.1146306520150375
983,25.284994000352
3510,4.180299614034126
1185,-6.431789889175619
5758,9.444225246882283
7154,0.5229754602936367
3279,1.7771362851986368
8279,11.165491322234388
2221,4.233094726739111
8354,-2.8343371658768177
2958,-1.826753494821915
9507,12.965006874021569
9236,4.254710193046833
8830,2.3904961091265875
5470,-0.6140265563507938
8321,4.997035887228023
2404,-8.45454078300925
10143,-15.705079543573746
7019,-16.592158586052463
10121,-14.073022571271522
9498,-5.318490203089695
9174,-10.112130376200653
6829,6.108558214824242
5868,1.4753273253467398
4960,-3.066339440537675
7791,1.0880311785075918
9017,8.311438373668793
5252,-4.449012857322444
7121,10.39617325528836
8046,-6.432429562382836
8654,4.476859265430832
7097,-14.057334704982352
1066,4.0610383043281075
6712,-16.978320089294286
5647,9.415920666937083
5573,2.3310075587788077
3919,-5.091731595832485
5571,-22.163623920196713
4003,5.480915050889436
8817,2.3764144217324628
3125,-20.71844687201086
2417,3.9061721752577085
4762,-14.087757742277361
6298,-2.1127669992050357
6502,-1.7136448370829527
2717,1.568159889700766
2177,-3.4533472802168745
6289,-12.691397144235523
5863,-1.7018583813761126
5157,1.8912156134223466
5933,-13.687773104010446
9483,3.9166378851071926
8400,-1.6447118443026199
1615,-5.969021573294967
6901,0.28159140948854144
5301,-1.512344274915847
1326,7.436522179894652
1252,-15.518703070757184
7439,8.106950589761468
295,1.0822642557876776
1657,-6.71653779269262
629,14.420262306789638
9725,1.6891877863592981
719,-2.670708281714681
6398,8.75135348757803
9528,6.2560955307696275
7573,1.926335703879218
1499,1.3575203080068974
2734,-3.0452012875385464
2802,1.2750989744586576
3744,-9.030475890412006
5660,10.861064262496726
6062,6.670933396995409
5796,0.4370129496675048
4626,-2.0309301483222413
9574,-7.4224522251384
3017,-3.826853873657413
5107,-8.739973656875861
5997,-0.5714093005714318
8721,3.8961605764193763
8799,18.301516915505616
7561,-1.18658124888141
2954,2.0626125466354637
1250,-10.99850844415404
378,2.160027833333544
412,-11.142203911336352
737,4.984837971456642
729,4.040122621002034
7244,-3.954567075615799
2000,-3.7005580948502796
3771,-7.279683234929237
1590,-12.756733557602828
2749,-3.3624199351113617
971,-0.2756918427662214
5850,-2.1923192721535685
3594,-5.666955867757849
4813,-1.8891436530289667
1159,-0.6693370825649652
8452,-0.8960914714457857
8515,-10.314145746496152
4507,-8.154620967022083
933,20.05879863164457
2738,0.23791615347356299
2703,12.062464985915469
1910,-10.494152738071406
445,-1.5254077370424284
7556,9.986443088282087
4588,-3.0660983306190275
9346,23.755567155923117
2761,4.226540069599352
2012,1.975232974644129
7488,-1.2608850936616847
5053,-0.864924904994794
444,-3.0349021854774065
3166,4.3855802131697175
7100,-17.551704440200936
4323,-6.737214798129585
2159,-13.053366074874319
585,-3.051257713821734
8907,-8.259876763369064
2481,5.688839608100281
1045,-4.885437636250387
8793,0.16665537137161834
3069,5.979039168263668
3749,-4.636006492900336
7562,-1.415652032685287
9048,7.104379979079042
6003,2.1807907948309975
4542,7.530597154113991
3629,-3.0091534799021957
51,-8.975020768642032
6606,5.484617821567824
1696,1.6621023911221897
6961,17.81205691183122
1683,-5.548066837323333
980,-3.4131534233350607
1790,3.535020680946843
6952,-1.7943294335257889
2472,-10.168126440085942
4318,-6.403944375015783
4320,-6.965684303791775
9601,25.076487260221143
6165,11.812156592455366
4915,-4.251396769128604
1742,-2.1789424034883638
7350,-3.926679256004448
1182,-5.550862906460431
3697,1.3860467309706195
1333,-6.879236965023438
8708,7.755236047088417
6692,8.577096673399737
7731,1.1096132877946872
7301,-4.048601801364825
8714,0.7794339780801778
2931,-9.73120300529662
6651,9.511184452288646
9161,-8.07621647560773
2796,-0.11268518317471887
5348,0.25562361792550803
2516,-10.827353519474016
8936,-5.440409240465428
1122,27.542864546341818
2037,2.0095774675017566
6886,-3.0417588325531852
2600,-6.462549961266248
3964,2.4161967676015905
593,-2.6683837834625166
7216,-1.4412142982160532
7629,-6.368105204839743
54,6.179138029063893
6199,21.90893296080354
9446,7.9345681358834526
8796,10.178271567195011
9813,-7.578695813250263
3443,-1.1090584858461483
3519,-4.89797144485253
479,5.1905433361938975
533,-2.151918959040202
3884,3.942802853404075
3151,27.260824769356432
7010,-11.086487138063589
803,-7.6604085197271985
5481,4.953607490556337
5676,9.504458023635394
3841,-3.3709828098745476
3598,-1.987426655837396
3444,-0.034841749063545535
6287,1.6422771767962985
2572,0.9173519264947316
7499,-2.752775833737658
8175,4.312296002800096
4628,-3.2582961496352425
2328,-3.3448003436361233
3667,-5.478592953390333
1314,-10.69678662513958
861,0.9664833702652658
6747,13.887290448529583
539,4.740483851479198
1972,-0.8023108039150628
4548,3.3232107447927746
10095,-3.155357289519671
2733,-0.7225419925917578
9494,1.1152371886711734
2488,-0.77960122123757
8249,3.711544602283695
5591,-1.7532820180898199
4063,-1.4807262685061033
