date,CO,NO,NO2,NOX,O3,PM10,PM2.5,PRS,RAINF,RH,SO2,SR,TOUT,WSR,WDR
01/01/2022 00:00,1.98,2.6,26.3,28.6,21,103,83,706,0,58,3.4,0,20.91,5.9,306
01/01/2022 01:00,1.79,2.5,21.2,23.6,27,115,80,705.6,0,55,4.5,0.001,20.89,6.2,309
01/01/2022 02:00,1.65,2.6,23.1,25.5,24,123,93,705.5,0,57,4,0.001,20.13,6.1,306
01/01/2022 03:00,1.68,2.9,25.8,28.5,15,83,58,705.3,0,62,3.6,0.001,19.16,4.4,304
01/01/2022 04:00,1.5,2.6,17.9,20.4,17,80,67,705.4,0,65,3.1,0.001,17.01,3.5,92
01/01/2022 05:00,1.45,2.6,17.9,20.3,13,57,52,705.3,0,66,2.9,0.001,16.38,3.3,175
01/01/2022 06:00,1.37,2.8,16.5,19.2,11,59,20,705.5,0,64,2.8,0.001,16.12,4.2,150
01/01/2022 07:00,1.18,3,13.2,16.1,13,54,19,705.9,0,56,2.9,0.001,16.48,4.4,183
01/01/2022 08:00,1.21,5.2,17.4,22.5,5,39,10,706.4,0,54,2.8,0.009,16.29,3.7,263
01/01/2022 09:00,1.23,9,15.8,24.6,10,41,12,707.1,0,50,3.1,0.086,17.93,5.3,156
01/01/2022 10:00,1.31,10.7,14.3,24.8,17,42,5,707.7,0,36,3.3,0.292,23.59,4.3,176
01/01/2022 11:00,1.19,8.6,12.6,21.1,22,52,10,707.9,0,25,4.4,0.417,29.51,5,318
01/01/2022 12:00,1.03,4.3,6.6,10.9,32,54,20,707.5,0,17,5.3,0.49,32.96,5.6,349
01/01/2022 13:00,1.03,3.1,4.2,7.3,38,52,7,706.7,0,15,3.6,0.522,34.05,5.6,357
01/01/2022 14:00,1.07,2.9,4.5,7.5,46,38,23,705.9,0,12,3.2,0.496,34.99,6.4,128
01/01/2022 15:00,1.12,3.5,7.6,11,51,37,21,705.4,0,13,3.1,0.428,34.83,10.1,164
01/01/2022 16:00,1.14,3.2,8.1,11.3,52,48,12,705.3,0,14,3.2,0.305,34.97,7.6,182
01/01/2022 17:00,1.16,3.3,10.4,13.7,49,36,6,705.7,0,16,3.1,0.152,33.69,7,175
01/01/2022 18:00,1.23,3.6,17.2,20.7,35,45,25,706.2,0,19,3,0.017,30.25,5.7,171
01/01/2022 19:00,1.62,6.4,25.3,31.5,16,39,8,706.9,0,23,2.8,0.001,26.3,5.2,151
01/01/2022 20:00,1.52,4.9,25.1,29.8,13,37,5,707.5,0,25,2.7,0.001,23.89,4.4,232
01/01/2022 21:00,1.4,4.9,24.9,29.6,11,32,16,708,0,26,2.7,0.001,22.44,5,258
01/01/2022 22:00,1.51,3.8,22.1,25.7,13,30,7,708.3,0,27,2.6,0.001,21.63,4.3,261
01/01/2022 23:00,1.58,4.4,23.2,27.5,10,24,14,708.7,0,30,2.6,0.001,20.65,3.4,233
02/01/2022 00:00,1.77,6.4,25.7,31.8,5,30,10,709,0,37,NULL,0.001,19.24,2.7,309
02/01/2022 01:00,1.59,7,25.5,32.3,4,36,NULL,709.3,0,41,2.7,0.001,18.49,3.7,303
02/01/2022 02:00,1.45,2.7,17.3,19.8,12,34,21,709.6,0,38,2.7,0.001,18.68,3.6,285
02/01/2022 03:00,1.52,2.8,14.7,17.3,15,29,3,710.3,0,35,3.1,0.001,18.66,3.9,322
02/01/2022 04:00,1.48,2.5,9.1,11.5,25,30,NULL,711.2,0,25,3.6,0.001,20.97,8,340
02/01/2022 05:00,1.3,2.4,3.8,6.2,38,89,3,713.4,0,20,2.9,0.001,20.14,8.8,340
02/01/2022 06:00,1.35,2.4,3.8,6.2,36,129,20,714.6,0,22,2.7,0.001,18.84,10.8,334
02/01/2022 07:00,1.32,2.5,4.8,7.3,32,90,26,715.9,0,30,2.5,0.001,16.27,11.1,342
02/01/2022 08:00,1.2,2.5,5.2,7.8,31,145,32,717.5,0,36,2.4,0.009,13.3,11,338
02/01/2022 09:00,1.29,3.1,5.4,8.5,31,121,19,719.2,0,36,2.6,0.134,11.75,9.3,350
02/01/2022 10:00,1.42,3.9,5.1,9.1,27,104,NULL,720.7,0,38,3.8,0.303,10.28,11,338
02/01/2022 11:00,1.22,4.3,4.9,9.2,28,79,NULL,721.7,0,35,4.8,0.428,10.71,9.8,339
02/01/2022 12:00,1.25,4.8,5.7,10.5,29,72,6,721.8,0,31,4.7,0.511,11.84,9.2,5
02/01/2022 13:00,1.27,4.5,5.7,10.2,31,72,7,721.3,0,30,4.2,0.541,13.07,8.7,4
02/01/2022 14:00,1.4,4.2,5.7,9.9,34,64,NULL,720.7,0,28,3.8,0.519,14.1,8.1,11
02/01/2022 15:00,1.39,4,5.8,9.7,36,57,10,720.5,0,26,3.4,0.446,15.1,7.6,12
02/01/2022 16:00,1.61,3.9,6.2,10.1,35,48,7,720.5,0,25,3.7,0.329,14.84,7.6,15
02/01/2022 17:00,1.68,3.8,7.9,11.7,34,49,10,720.9,0,25,3.7,0.179,14.21,7.7,NULL
02/01/2022 18:00,1.52,2.9,9.3,12.1,32,44,26,721.6,0,25,4.1,0.019,12.29,7.7,336
02/01/2022 19:00,1.53,2.6,11.9,14.4,28,51,11,722.2,0,25,5.7,0.001,11.49,6,337
02/01/2022 20:00,1.51,2.6,11.8,14.3,29,47,NULL,723,0,25,4.8,0.001,10.44,7.8,327
02/01/2022 21:00,1.37,2.7,10,12.6,31,41,NULL,723.6,0,23,4.1,0.001,9.89,6.7,307
02/01/2022 22:00,1.58,5.1,21.3,26.2,13,37,17,724.1,0,32,3.8,0.001,8.37,3.8,158
02/01/2022 23:00,1.6,5.8,19.4,25.1,13,39,12,724.3,0,37,3.4,0.001,7.41,6.5,148
03/01/2022 00:00,1.56,5.3,16.9,22.1,15,34,2,724.3,0,38,2.9,0.001,7.34,6.4,146
03/01/2022 01:00,1.42,3.5,12.5,15.9,20,36,22,724.2,0,39,2.7,0.001,6.74,7.3,133
03/01/2022 02:00,1.27,2.9,8.5,11.3,23,34,17,724,0,43,2.6,0.001,5.81,7.8,136
03/01/2022 03:00,1.36,2.7,6.9,9.5,29,29,7,723.8,0,35,2.5,0.001,6.29,6.9,147
03/01/2022 04:00,1.16,2.7,5.5,8.2,28,27,9,723.5,0,40,2.4,0.001,5.2,9.3,131
03/01/2022 05:00,1.27,2.9,7,9.8,26,23,NULL,723.1,0,41,2.4,0.001,4.77,9.5,129
03/01/2022 06:00,1.64,3.4,12.2,15.5,23,23,NULL,723.2,0,38,2.5,0.001,4.79,10.3,122
03/01/2022 07:00,1.39,4.8,16.7,21.4,18,33,6,723.6,0,38,2.5,0.001,4.73,7.1,132
03/01/2022 08:00,1.59,10.3,22.7,32.7,11,31,21,724,0,42,NULL,0.008,4.08,5.6,140
03/01/2022 09:00,2.11,23.7,25.2,48.5,10,34,NULL,724.3,0,39,2.6,0.138,5.5,7.7,118
03/01/2022 10:00,1.45,11.2,15.5,26.5,26,49,6,724.7,0,27,2.5,0.307,8.8,8.4,137
03/01/2022 11:00,1.47,9.3,12.4,21.4,32,37,2,724.3,0,22,2.5,0.435,10.67,10.6,149
03/01/2022 12:00,1.63,4.7,6.1,10.8,39,34,12,723.5,0,19,2.6,0.519,13.38,7.8,177
03/01/2022 13:00,1.59,3.8,5,8.8,41,30,14,722.3,0,21,2.7,0.55,14.99,7.9,206
03/01/2022 14:00,1.41,5.3,8.1,13.3,40,37,7,720.9,0,22,2.6,0.524,15.24,9.7,176
03/01/2022 15:00,1.59,5.1,8.8,13.9,43,33,NULL,720.1,0,21,2.6,0.445,15.67,9.8,165
03/01/2022 16:00,1.46,5,9.1,14,44,36,NULL,719.5,0,21,NULL,0.329,15.59,12.7,154
03/01/2022 17:00,1.37,4.2,7.1,11.2,43,41,20,719.5,0,20,NULL,0.189,15.21,15.3,132
03/01/2022 18:00,1.68,4.4,10.5,14.8,38,36,NULL,719.5,0,21,NULL,0.019,14.17,12.4,142
03/01/2022 19:00,1.73,4,11.5,15.5,35,34,29,719.6,0,22,NULL,0.002,13.19,10.8,157
03/01/2022 20:00,1.91,3.6,12.2,15.7,33,34,NULL,720,0,23,NULL,0.001,12.12,8.4,184
03/01/2022 21:00,1.55,4,13.9,17.8,30,36,11,720,0,24,NULL,0.001,11.3,8.2,176
03/01/2022 22:00,1.29,2.8,8,10.8,34,25,NULL,720,0,25,NULL,0.001,10.65,8,189
03/01/2022 23:00,1.3,2.8,6.6,9.3,35,23,15,719.5,0,27,2.5,0.001,10.07,6.3,180
04/01/2022 00:00,1.25,3.3,9.3,12.4,31,21,NULL,719,0,28,2.5,0.001,9.46,5.6,156
04/01/2022 01:00,1.26,3,10.1,13.1,28,22,NULL,718.5,0,32,NULL,0.001,8.46,5.7,145
04/01/2022 02:00,1.27,2.9,8.5,11.3,29,23,5,718.1,0,36,NULL,0.001,7.91,8.5,139
04/01/2022 03:00,1.35,2.6,6.4,8.9,29,22,10,717.5,0,40,NULL,0.001,6.72,5,137
04/01/2022 04:00,1.28,2.5,9.3,11.7,25,20,9,717.4,0,43,NULL,0.001,6.45,3.5,325
04/01/2022 05:00,1.36,2.5,13.9,16.3,21,18,NULL,717.7,0,47,2.7,0.001,6.94,5.8,342
04/01/2022 06:00,1.45,3.9,22.7,26.4,12,30,2,717.7,0,46,3.4,0.001,6.81,6.3,300
04/01/2022 07:00,1.67,8.6,30.7,39.1,4,41,21,717.7,0,47,4.3,0.001,6.47,5.1,292
04/01/2022 08:00,1.78,25.6,29.3,54.6,4,54,37,717.3,0,49,4,0.008,5.7,6.3,154
04/01/2022 09:00,1.81,42,30.3,72,6,57,17,717.9,0,43,5,0.121,7.97,4.4,322
04/01/2022 10:00,2.02,37.4,32.6,69.6,12,74,25,717.9,0,32,11.6,0.28,11.76,4.3,333
04/01/2022 11:00,2.01,29,31.1,59.7,18,70,27,717.7,0,28,11.1,0.403,13.94,4.7,3
04/01/2022 12:00,1.99,24.1,31.1,54.8,22,72,19,716.8,0,23,8.4,0.484,16.36,4,287
04/01/2022 13:00,1.65,14.6,24.6,39,31,73,25,715.5,0,21,6.3,0.521,18.82,5.9,119
04/01/2022 14:00,1.66,13.5,30.8,44,37,61,23,714.3,0,21,6.1,0.499,20.48,5.5,358
04/01/2022 15:00,1.4,6.5,17.5,23.8,48,71,5,713.5,0,18,4,0.432,22.4,7.9,149
04/01/2022 16:00,1.56,6.2,23.2,29.2,50,54,31,713.1,0,20,4.7,0.314,22.88,5.8,344
04/01/2022 17:00,1.53,5.9,28.9,34.6,45,68,16,713,0,22,4.6,0.174,22.4,7.3,283
04/01/2022 18:00,1.59,4.1,33.9,37.8,33,77,9,713.1,0,29,4.3,0.02,19.14,3.7,302
04/01/2022 19:00,1.77,13.8,48.9,62.6,10,68,45,713.3,0,36,3.5,0.001,16.96,3.5,17
04/01/2022 20:00,1.6,5.6,40.5,45.9,14,65,22,713.7,0,40,3.2,0.001,15.46,3.6,188
04/01/2022 21:00,1.76,27.1,45.5,72.4,5,52,36,713.9,0,47,3.2,0.001,13.43,2.8,246
04/01/2022 22:00,1.78,28.6,43.4,71.7,4,61,9,713.9,0,50,3.1,0.001,12.07,2.6,274
04/01/2022 23:00,1.8,29.4,40.9,70,3,65,NULL,713.8,0,56,3,0.001,10.78,2.1,241
05/01/2022 00:00,1.71,26.3,38.4,64.4,3,61,NULL,713.6,0,58,2.9,0.001,10.22,2.3,251
05/01/2022 01:00,1.57,13.6,35.3,48.6,3,56,3,713.3,0,61,2.8,0.001,9.17,1.9,242
05/01/2022 02:00,1.47,14.9,32.7,47.4,NULL,42,NULL,712.8,0,64,2.8,0.001,8.68,2,262
05/01/2022 03:00,1.49,9.9,30.3,39.9,4,48,34,712.4,0,65,NULL,0.001,8.22,2.1,228
05/01/2022 04:00,1.37,12.1,28.8,40.6,3,44,36,712.1,0,66,2.7,0.001,7.85,2.2,253
05/01/2022 05:00,1.26,6.2,26.9,32.8,5,39,29,711.8,0,64,2.7,0.001,8.03,2.8,295
05/01/2022 06:00,1.33,10.7,25.8,36.3,5,37,30,711.9,0,61,2.9,0.001,8.71,3.8,286
05/01/2022 07:00,1.39,33.7,28.9,62.3,3,47,NULL,711.9,0,61,2.9,0.001,8.22,2.9,284
05/01/2022 08:00,1.64,46.2,30,75.8,3,45,5,712,0,59,3.1,0.007,8.33,2.7,288
05/01/2022 09:00,1.87,67,30.4,97,5,55,7,712.2,0,47,3.4,0.139,12.07,3.6,209
05/01/2022 10:00,2.3,92.7,40.6,132.8,7,60,NULL,712.4,0,30,3.9,0.306,18.55,3,162
05/01/2022 11:00,1.83,26.9,31.8,58.4,20,75,7,712.3,0,19,3.7,0.432,22.94,3.6,337
05/01/2022 12:00,1.68,17.7,32.4,49.8,30,56,20,711.7,0,13,4.4,0.514,25.58,5.1,342
05/01/2022 13:00,1.59,12,28.4,40.2,40,67,42,710.8,0,11,7.6,0.545,27,5.6,352
05/01/2022 14:00,1.56,7.8,25.1,32.7,55,50,NULL,709.7,0,11,6.1,0.518,28.15,6.2,319
05/01/2022 15:00,1.42,4,12.4,16.4,64,58,31,709,0,11,3.5,0.444,29.26,6.4,215
05/01/2022 16:00,1.48,4.3,12.7,16.8,59,44,5,708.6,0,11,3.7,0.329,28.93,9.1,151
05/01/2022 17:00,1.72,3.5,12.5,15.9,68,37,NULL,708.7,0,13,5.8,0.184,27.76,13.2,126
05/01/2022 18:00,1.64,2.9,21,23.7,72,51,NULL,709.2,0,18,7.4,0.022,25.41,10.9,144
05/01/2022 19:00,1.71,3.5,28.6,31.9,42,55,11,709.6,0,21,4.1,0.001,23.25,7.2,177
05/01/2022 20:00,1.56,3.4,21.8,25,46,45,16,710,0,24,3.9,0.001,21.88,6.1,162
05/01/2022 21:00,1.56,3.9,32.4,36.1,35,46,NULL,710.5,0,30,4,0.001,19.54,7.7,139
05/01/2022 22:00,1.68,4.2,33.2,37.2,31,54,29,710.5,0,33,3.8,0.001,18.04,6.3,139
05/01/2022 23:00,1.57,3.5,30.8,34.1,33,47,18,710.5,0,36,3.8,0.001,16.86,6.6,138
06/01/2022 00:00,1.35,2.7,23.2,25.8,36,53,8,710.7,0,38,3.5,0.001,15.77,5,171
06/01/2022 01:00,1.35,2.7,24.9,27.4,29,43,21,710.6,0,42,3.2,0.001,13.97,3.5,256
06/01/2022 02:00,1.44,NULL,NULL,NULL,26,37,16,710.4,0,45,3.1,0.001,13.63,3.7,277
06/01/2022 03:00,1.52,2.6,20.3,22.7,30,45,14,710.4,0,48,3.1,0.001,12.67,2.8,231
06/01/2022 04:00,1.67,2.6,26.9,29.3,17,42,3,710.4,0,53,3,0.001,11.45,2.2,292
06/01/2022 05:00,1.4,2.7,21.2,23.7,16,38,37,710.6,0,57,2.7,0.001,10.69,2.5,254
06/01/2022 06:00,1.53,4.6,31.1,35.5,9,41,8,710.7,0,58,2.7,0.001,10.15,2.1,303
06/01/2022 07:00,1.52,28.6,37.6,65.9,3,37,11,711,0,58,2.8,0.001,10.1,2.8,258
06/01/2022 08:00,1.9,36.3,37.2,73.2,3,51,32,711.4,0,59,3,0.007,9.78,2.4,314
06/01/2022 09:00,2.25,81.2,39.9,120.7,5,69,19,711.8,0,52,3.6,0.131,12.52,3.3,148
06/01/2022 10:00,2.17,69.8,43.3,112.8,9,76,NULL,712.4,0,34,4.2,0.297,18.51,3.6,9
06/01/2022 11:00,2.14,23.1,35.5,58.4,29,74,14,712.7,0,21,6.2,0.424,23.11,4,4
06/01/2022 12:00,1.64,5.7,18.5,24,60,77,15,712.2,0,17,6.7,0.512,26.19,4.7,9
06/01/2022 13:00,1.83,15.9,45.7,61.5,46,62,29,711.8,0,16,19.7,0.541,26.95,6.2,354
06/01/2022 14:00,2.02,12.6,50.3,62.6,60,97,29,711,0,14,14,0.521,28,6.4,354
06/01/2022 15:00,1.6,4.6,24.4,28.8,86,108,NULL,710.5,0,11,6.4,0.452,28.45,7.6,340
06/01/2022 16:00,1.43,3.3,15.7,18.8,89,64,30,710.5,0,9,5.1,0.33,28.73,9.4,300
06/01/2022 17:00,1.52,3.4,22.1,25.3,80,68,36,710.7,0,11,4.9,0.178,28.04,7.5,264
06/01/2022 18:00,1.63,3.8,40.3,43.9,54,68,37,711.1,0,16,4.9,0.023,24.87,5.5,181
06/01/2022 19:00,1.75,3.5,47.2,50.5,47,66,36,711.7,0,23,5.8,0.001,22.74,7.7,143
06/01/2022 20:00,1.55,3.3,32.4,35.5,48,67,27,712.2,0,28,4.9,0.001,22.05,7.6,151
06/01/2022 21:00,1.39,2.9,29.4,32,53,55,17,712.9,0,30,5.4,0.001,21.11,6.5,146
06/01/2022 22:00,1.55,3,35.5,38.3,44,52,17,713.5,0,35,5.2,0.001,18.77,6.2,140
06/01/2022 23:00,1.42,2.9,33.4,36.1,38,59,45,713.8,0,39,4.6,0.001,17.55,5.3,126
07/01/2022 00:00,1.31,2.7,16.9,19.4,51,60,3,713.9,0,41,4.7,0.001,19.27,6.9,136
07/01/2022 01:00,1.26,2.6,14.5,17,48,45,10,714,0,48,3.8,0.001,18.61,5.9,122
07/01/2022 02:00,1.18,2.7,21.7,24.2,27,46,13,714.1,0,57,4.2,0.002,18.04,8.8,302
07/01/2022 03:00,1.17,2.6,17.9,20.4,25,66,12,714.2,0,64,4.5,0.001,16.76,5.4,328
07/01/2022 04:00,1.18,2.6,12.1,14.6,33,49,20,714.4,0,56,3.5,0.002,15.93,6.7,338
07/01/2022 05:00,1.13,NULL,NULL,NULL,33,46,11,714.6,0,70,2.9,0.003,13.19,7.1,323
07/01/2022 06:00,1.11,NULL,NULL,NULL,28,40,NULL,714.7,0,70,2.9,0.002,12.81,4.9,352
07/01/2022 07:00,1.16,2.7,14.4,17.1,21,45,21,715.2,0,76,3.5,0.002,11.95,5.5,357
07/01/2022 08:00,1.14,2.8,17.4,20.1,16,43,24,715.6,0,84,3.1,0.004,10.85,5.2,300
07/01/2022 09:00,1.19,4.4,23.5,27.8,9,43,4,716.3,0,86,2.9,0.012,10.61,4.4,325
07/01/2022 10:00,1.43,6.4,21.9,28.1,9,48,9,716.7,0,87,2.7,0.028,10.21,3.9,359
07/01/2022 11:00,1.51,14.3,25.3,39.4,6,34,18,716.9,0,87,2.8,0.045,10.44,2.8,49
07/01/2022 12:00,1.31,7.9,15.8,23.6,17,46,18,716.2,0,85,2.7,0.126,11.26,5.6,117
07/01/2022 13:00,1.16,6,13.7,19.7,18,40,2,715.5,0,80,2.8,0.117,12.39,4,330
07/01/2022 14:00,1.45,9.7,20.1,29.6,14,35,24,714.4,0,76,2.7,0.131,12.98,4.3,3
07/01/2022 15:00,1.35,6.7,16.3,22.8,19,52,9,713.6,0,72,2.7,0.134,13.15,6.1,338
07/01/2022 16:00,1.26,7.4,18.3,25.6,19,50,16,713.1,0,70,NULL,0.153,13.3,5.9,359
07/01/2022 17:00,1.42,9.1,23,31.8,15,57,23,712.9,0,70,2.8,0.116,13.28,6,9
07/01/2022 18:00,1.44,8.3,25.7,33.8,9,72,35,713,0,73,2.8,0.03,12.68,4.9,8
07/01/2022 19:00,1.47,6.4,26.4,32.6,4,78,38,713.1,0,77,NULL,0.002,11.69,2.9,35
07/01/2022 20:00,1.51,9,25.3,34.1,7,68,39,713.4,0,77,NULL,0.002,11.43,5.5,203
07/01/2022 21:00,1.26,5.9,18.3,24.1,15,63,9,713.6,0,74,2.7,0.003,11.72,9,145
07/01/2022 22:00,1.28,6.1,17.6,23.6,13,62,20,713.6,0,75,2.7,0.003,11.38,8.4,147
07/01/2022 23:00,1.24,6,16.8,22.7,13,57,7,713.6,0,76,NULL,0.003,10.98,7.4,151
08/01/2022 00:00,1.22,4.7,15.3,19.9,13,58,12,713.2,0,76,NULL,0.003,10.94,6.2,152
08/01/2022 01:00,1.21,3.3,13.9,17,NULL,52,37,712.8,0,76,2.6,0.003,11.06,4.9,147
08/01/2022 02:00,1.25,3.2,15.4,18.5,7,51,28,712.5,0,78,2.6,0.001,10.64,2.8,301
08/01/2022 03:00,1.32,3.4,19.6,22.9,5,50,9,712.1,0,79,2.7,0.002,10.69,5.2,326
08/01/2022 04:00,1.44,5,18.8,23.7,3,51,17,711.6,0,79,2.7,0.001,10.51,5.1,307
08/01/2022 05:00,1.45,10.9,21.1,31.8,2,51,25,711.7,0,79,2.9,0.002,10.84,4.5,317
08/01/2022 06:00,1.37,23.3,17.3,40.4,2,59,16,712,0,80,2.9,0.001,10.26,3.1,106
08/01/2022 07:00,1.38,30.7,14.7,45.2,2,57,30,712.3,0,83,2.8,0.001,9.48,2.1,128
08/01/2022 08:00,1.44,43.7,14.2,57.7,NULL,59,16,712.7,0,84,2.9,0.011,9.11,3,120
08/01/2022 09:00,1.79,58.2,16.2,74.1,3,64,28,713.3,0,81,3.1,0.091,10.52,4.9,136
08/01/2022 10:00,1.64,31.1,24.9,55.6,9,80,20,713.7,0,73,3.6,0.272,13.68,4.8,162
08/01/2022 11:00,1.79,26,31.5,57.2,17,103,24,713.7,0,62,5.2,0.376,17.07,6.7,140
08/01/2022 12:00,1.63,19.7,31.9,51.3,24,122,63,713.1,0,54,5,0.473,19.89,4.8,5
08/01/2022 13:00,1.74,17.6,40.4,57.8,31,109,57,712.3,0,49,5.7,0.446,21.81,4.7,22
08/01/2022 14:00,1.75,11.1,38.3,49.1,44,110,41,711.2,0,44,4.9,0.366,23.8,4.9,31
08/01/2022 15:00,1.8,7.4,35.5,42.7,47,103,44,710.7,0,46,4,0.265,23.92,5.1,356
08/01/2022 16:00,1.83,4.9,34.1,38.8,48,103,55,710.7,0,48,3.6,0.13,23.32,2.6,344
08/01/2022 17:00,1.72,5.2,37.6,42.7,48,100,31,710.9,0,44,3.5,0.114,24.2,8.4,160
08/01/2022 18:00,1.84,4.2,41.6,45.6,42,93,25,711.4,0,44,3.2,0.037,23.58,5.6,155
08/01/2022 19:00,1.91,4.3,51.9,56,26,81,46,712.1,0,54,3.3,0.002,21.07,3.3,314
08/01/2022 20:00,2.32,7.2,59,66,6,98,67,712.7,0,63,3.2,0.001,19.19,2.5,291
08/01/2022 21:00,2.32,15.1,49.5,64.5,3,98,33,713.3,0,68,3.1,0.001,17.84,2.8,210
08/01/2022 22:00,2.22,16,41.5,57.2,3,93,43,713.7,0,70,2.9,0.001,16.63,2.2,124
08/01/2022 23:00,2.25,20.8,38.3,58.8,3,78,22,714,0,72,2.8,0.001,15.5,1.9,316
09/01/2022 00:00,2.26,18.5,37,55.2,NULL,79,32,714.1,0,75,2.9,0.001,14.89,3.6,235
09/01/2022 01:00,1.83,14.8,30.8,45.3,4,77,32,714.1,0,75,2.8,0.001,14.2,2.8,178
09/01/2022 02:00,1.66,14.1,28.9,42.8,3,53,35,714.1,0,76,2.7,0.001,13.61,2.5,276
09/01/2022 03:00,1.57,7.7,25.7,33.2,3,53,25,714,0,79,2.6,0.001,12.79,2.1,249
09/01/2022 04:00,1.65,14.5,22.6,36.8,2,69,28,714,0,82,2.6,0.001,12.05,2.1,299
09/01/2022 05:00,1.54,12.8,19.7,32.3,3,49,33,714.1,0,83,NULL,0.001,11.7,2.1,229
09/01/2022 06:00,1.67,20.6,19.4,39.8,3,45,34,714.3,0,83,2.7,0.001,11.72,2.4,250
09/01/2022 07:00,1.51,16.6,19.9,36.3,2,52,30,714.6,0,83,2.7,0.001,11.73,2.8,239
09/01/2022 08:00,1.64,31.9,19.9,51.5,2,49,21,715,0,82,NULL,0.007,11.31,2.3,278
09/01/2022 09:00,1.93,53.3,21.2,74.1,4,49,4,715.6,0,77,2.9,0.117,13.82,2,143
09/01/2022 10:00,1.99,27.3,29.2,56.3,13,60,20,716.3,0,52,7.4,0.268,18.41,6.7,339
09/01/2022 11:00,1.82,11,30.2,40.9,35,81,54,716.7,0,52,13.2,0.407,20.97,7.9,345
09/01/2022 12:00,1.96,12.8,44.6,57.2,46,107,50,716.6,0,45,17,0.489,23.66,7.5,355
09/01/2022 13:00,1.71,4.6,21.5,25.9,79,137,66,716.5,0,40,9.3,0.523,24.54,9.4,340
09/01/2022 14:00,1.45,3.2,13.8,16.9,86,93,34,716.1,0,46,7.8,0.5,25.55,8.7,340
09/01/2022 15:00,1.37,3,11.8,14.7,81,78,54,715.8,0,50,6.6,0.421,26.16,9.3,321
09/01/2022 16:00,1.33,3.1,10.1,13.1,63,71,38,715.8,0,49,5.7,0.3,26.29,9.7,346
09/01/2022 17:00,1.37,3,9.7,12.7,47,54,15,716.3,0,52,4.7,0.193,25.28,10.9,342
09/01/2022 18:00,1.33,2.7,9,11.6,38,55,28,717.4,0,57,5.5,0.03,23.31,10.7,309
09/01/2022 19:00,1.37,2.7,10.9,13.4,33,45,8,718.6,0,61,6.2,0.002,21.95,8.3,330
09/01/2022 20:00,1.32,2.6,11.9,14.5,32,46,9,719.8,0,57,4.3,0.002,20.91,6.8,349
09/01/2022 21:00,1.36,2.7,12.3,14.9,31,41,40,720.7,0,61,3.8,0.002,19.74,7.3,346
09/01/2022 22:00,1.19,2.6,11.7,14.2,34,34,12,721.4,0,63,3.7,0.002,19.41,9.6,334
09/01/2022 23:00,1.28,2.6,12.4,15,35,40,11,721.7,0,60,4.6,0.002,19.17,6.8,345
10/01/2022 00:00,1.32,NULL,NULL,NULL,33,45,15,722.1,0,41,6.2,0.002,18.71,10.4,336
10/01/2022 01:00,1.26,NULL,NULL,NULL,31,67,14,722.3,0,31,4.8,0.002,17.23,7.8,352
10/01/2022 02:00,1.34,NULL,NULL,NULL,30,67,37,722.2,0,32,2.9,0.002,16.38,10.2,330
10/01/2022 03:00,1.28,2.5,5.7,8.3,29,46,3,722.5,0,34,2.5,0.002,15.22,10.8,344
10/01/2022 04:00,1.24,2.6,5.1,7.7,30,47,7,722.8,0,36,2.4,0.002,14.02,8.4,4
10/01/2022 05:00,1.41,2.6,5,7.6,28,59,9,723.6,0,36,2.8,0.002,13.08,8.3,5
10/01/2022 06:00,1.22,2.7,6.8,9.5,25,50,6,724.1,0,40,3.4,0.002,12.33,8.3,347
10/01/2022 07:00,1.26,2.8,8.4,11.1,22,36,27,724.7,0,44,3.5,0.002,11.45,8.3,342
10/01/2022 08:00,1.3,3.4,11.6,14.9,18,30,16,725.2,0,45,3.6,0.006,10.95,NULL,347
10/01/2022 09:00,1.4,4.8,14.2,18.9,15,32,2,725.8,0,45,3.7,0.022,10.78,7.4,346
10/01/2022 10:00,1.4,7.7,17.6,25.2,12,39,20,726,0,44,3.7,0.05,11.05,5.9,346
10/01/2022 11:00,1.43,9.1,17.5,26.5,12,69,6,726.4,0,43,NULL,0.076,11.38,6.6,356
10/01/2022 12:00,1.33,7.3,15.8,23,15,50,5,726.2,0,42,4.2,0.076,11.37,8.5,346
10/01/2022 13:00,1.25,7.5,14.4,21.7,17,52,8,725.7,0,41,5.2,0.129,11.28,7.7,346
10/01/2022 14:00,1.34,6.4,15.2,21.4,19,43,8,724.8,0,39,3.9,0.11,11.63,5.5,1
10/01/2022 15:00,1.31,6.3,17.8,24,17,53,16,724.4,0,39,4.2,0.075,11.74,5.5,356
10/01/2022 16:00,1.42,6.6,19.8,26.3,16,57,23,724.1,0,38,4.4,0.062,11.89,6.4,353
10/01/2022 17:00,1.38,4.2,17.1,21.1,18,54,12,724,0,37,4.1,0.037,12.09,6,336
10/01/2022 18:00,1.41,4.3,20.8,24.9,15,40,22,724.2,0,37,4.5,0.011,12.31,5.4,350
10/01/2022 19:00,1.43,3.3,18.9,22,17,40,3,724.5,0,37,4.9,0.002,12.29,4.8,354
10/01/2022 20:00,1.46,3.6,19.4,22.8,15,39,13,725.1,0,36,4.1,0.002,11.55,5.6,6
10/01/2022 21:00,1.42,2.5,15.3,17.7,19,33,8,725.6,0,35,4.7,0.002,11.39,7.3,322
10/01/2022 22:00,1.41,2.4,14.6,17,19,30,6,726,0,36,3.8,0.002,11.26,6.2,339
10/01/2022 23:00,1.34,2.4,15,17.3,19,26,13,726,0,39,3.9,0.002,11.17,5.1,334
11/01/2022 00:00,1.37,2.3,10.1,12.3,26,25,2,725.8,0,42,3.9,0.002,11.26,5.3,346
11/01/2022 01:00,1.26,2.4,11.4,13.8,24,23,NULL,725.5,0,45,3.1,0.002,11.13,3,32
11/01/2022 02:00,1.33,2.4,13.4,15.7,22,24,2,725.1,0,46,3.2,0.002,11.02,2.4,110
11/01/2022 03:00,1.29,2.3,12.9,15.1,19,24,NULL,724.7,0,48,4.8,0.002,10.91,2.6,240
11/01/2022 04:00,1.31,2.8,15.8,18.5,15,34,12,724.3,0,51,4.5,0.002,10.89,5.3,142
11/01/2022 05:00,1.22,3.1,18.8,21.7,11,27,NULL,724.1,0,52,4.6,0.002,10.72,3.7,155
11/01/2022 06:00,1.26,2.4,15.7,18,13,32,7,724,0,53,4,0.002,10.52,2.1,299
11/01/2022 07:00,1.27,2.8,18.1,20.7,18,29,NULL,724.1,0,42,3.3,0.002,10.64,4.4,351
11/01/2022 08:00,1.33,2.8,20.5,23.2,15,30,15,724.4,0,38,4,0.006,10.44,6.7,311
11/01/2022 09:00,1.53,5.7,22,27.5,13,30,12,724.8,0,40,4.5,0.029,10.46,4,291
11/01/2022 10:00,1.46,11.2,19.8,30.8,12,36,17,725,0,45,4.2,0.09,10.93,6.5,164
11/01/2022 11:00,1.6,9.7,16.1,25.7,16,37,23,724.9,0,48,4,0.124,11.25,7.7,141
11/01/2022 12:00,1.57,5.9,12.5,18.3,22,41,5,724.5,0,46,4,0.159,11.84,5.4,98
11/01/2022 13:00,1.55,9.3,17.8,27,22,34,7,723.6,0,42,4.5,0.26,12.99,5,60
11/01/2022 14:00,1.46,7.7,14.4,21.9,34,38,23,722.3,0,40,4.9,0.521,14.42,6.9,38
11/01/2022 15:00,1.62,4.3,9.7,13.9,41,48,7,721.5,0,39,4.2,0.408,14.83,7.5,336
11/01/2022 16:00,1.34,3.5,9.1,12.5,43,41,11,721,0,38,4.4,0.25,14.76,6.6,314
11/01/2022 17:00,1.28,4.2,9.5,13.7,40,40,25,720.9,0,36,3.9,0.228,15,11.9,140
11/01/2022 18:00,1.45,4.4,11.1,15.4,36,39,21,720.9,0,40,3.6,0.039,13.23,13.4,140
11/01/2022 19:00,1.49,4.3,12.1,16.3,32,34,25,721.3,0,40,3.2,0.002,12.38,11.6,143
11/01/2022 20:00,1.36,3.7,12,15.6,31,30,NULL,721.6,0,41,3.1,0.001,11.78,7.7,159
11/01/2022 21:00,1.51,3,10.5,13.4,31,30,8,721.9,0,45,2.8,0.001,10.9,5.5,191
11/01/2022 22:00,1.34,3.1,9.2,12.1,31,28,3,722.1,0,48,2.8,0.001,10.33,4.9,183
11/01/2022 23:00,1.37,5.3,18.7,23.9,17,26,8,722,0,53,NULL,0.001,9.22,7.5,144
12/01/2022 00:00,1.38,4.1,14.7,18.7,18,26,8,721.9,0,57,2.7,0.001,8.34,7.7,143
12/01/2022 01:00,1.27,3.1,10.7,13.6,21,24,19,721.3,0,59,2.6,0.001,7.89,7.8,142
12/01/2022 02:00,1.2,3.2,13.3,16.4,16,24,11,720.9,0,62,2.6,0.001,7.23,4.4,176
12/01/2022 03:00,1.44,2.8,9.6,12.3,20,27,4,720.4,0,61,NULL,0.001,7.2,5,193
12/01/2022 04:00,1.39,2.5,12.1,14.5,16,23,NULL,720.1,0,64,NULL,0.001,6.47,2.7,189
12/01/2022 05:00,1.28,2.6,12.8,15.3,13,22,3,719.8,0,67,2.5,0.001,6.1,2.2,159
12/01/2022 06:00,1.3,8,20.9,28.7,4,29,10,720.1,0,67,2.6,0.002,6.39,1.8,314
12/01/2022 07:00,1.43,9.3,22,31.1,4,27,18,720.4,0,63,2.9,0.002,7.7,2.9,309
12/01/2022 08:00,1.57,39.1,24.3,63,3,33,21,720.4,0,64,3.5,0.007,7.99,2.5,108
12/01/2022 09:00,1.84,48.6,26.8,75.1,4,46,17,720.8,0,60,4.4,0.05,8.96,3.1,138
12/01/2022 10:00,1.86,47.3,30.3,77.2,7,56,21,721,0,51,7.8,0.152,11.23,2.7,280
12/01/2022 11:00,1.81,24.1,30.7,54.5,13,77,21,720.8,0,43,9.2,0.205,12.98,3.3,316
12/01/2022 12:00,1.82,14.5,28,42.3,18,80,13,720.1,0,40,8.4,0.207,14.13,4.8,352
12/01/2022 13:00,2.07,23.1,37,59.8,13,82,30,719.7,0,40,12.4,0.128,14.18,5.3,342
12/01/2022 14:00,2.09,39.4,44.7,83.9,11,95,30,719,0,39,16.6,0.178,14.41,5.1,339
12/01/2022 15:00,2.03,26.7,42,68.4,18,118,8,718.3,0,36,12.7,0.301,16.27,4.6,356
12/01/2022 16:00,1.9,13.2,40.6,53.6,24,107,45,718.5,0,36,9.2,0.186,16.46,7,301
12/01/2022 17:00,1.71,5.8,29,34.6,32,105,11,718.3,0,35,6.9,0.09,16.81,5.5,37
12/01/2022 18:00,1.74,5.6,37.7,43,22,74,15,718,0,37,6.3,0.037,16.55,3.2,173
12/01/2022 19:00,2.03,23.2,51.1,74.1,5,72,NULL,718.3,0,44,5.7,0.002,15.04,4.6,165
12/01/2022 20:00,1.93,23.8,45.6,69.2,4,99,40,718.9,0,51,4.8,0.001,13.76,5.3,135
12/01/2022 21:00,1.93,26.3,40.9,67,3,117,40,719.5,0,57,4.1,0.001,12.2,3.4,194
12/01/2022 22:00,2.02,21.7,36.8,58.2,5,75,19,719.6,0,61,3.8,0.001,11.28,5.7,151
12/01/2022 23:00,1.78,10.9,34.5,45.2,7,61,NULL,719.5,0,64,3.8,0.001,10.84,7.8,142
13/01/2022 00:00,NULL,NULL,NULL,NULL,NULL,NULL,NULL,NULL,NULL,NULL,NULL,NULL,NULL,NULL,NULL
13/01/2022 01:00,NULL,NULL,NULL,NULL,NULL,NULL,NULL,NULL,NULL,NULL,NULL,NULL,NULL,NULL,NULL
13/01/2022 02:00,NULL,NULL,NULL,NULL,NULL,NULL,NULL,NULL,NULL,NULL,NULL,NULL,NULL,NULL,NULL
13/01/2022 03:00,NULL,NULL,NULL,NULL,NULL,NULL,NULL,NULL,NULL,NULL,NULL,NULL,NULL,NULL,NULL
13/01/2022 04:00,NULL,NULL,NULL,NULL,NULL,NULL,NULL,NULL,NULL,NULL,NULL,NULL,NULL,NULL,NULL
13/01/2022 05:00,NULL,NULL,NULL,NULL,NULL,NULL,NULL,NULL,NULL,NULL,NULL,NULL,NULL,NULL,NULL
13/01/2022 06:00,NULL,NULL,NULL,NULL,NULL,NULL,NULL,NULL,NULL,NULL,NULL,NULL,NULL,NULL,NULL
13/01/2022 07:00,NULL,NULL,NULL,NULL,NULL,NULL,NULL,NULL,NULL,NULL,NULL,NULL,NULL,NULL,NULL
13/01/2022 08:00,NULL,NULL,NULL,NULL,NULL,NULL,NULL,NULL,NULL,NULL,NULL,NULL,NULL,NULL,NULL
13/01/2022 09:00,NULL,NULL,NULL,NULL,NULL,NULL,NULL,NULL,NULL,NULL,NULL,NULL,NULL,NULL,NULL
13/01/2022 10:00,NULL,NULL,NULL,NULL,NULL,NULL,NULL,NULL,NULL,NULL,NULL,NULL,NULL,NULL,NULL
13/01/2022 11:00,NULL,NULL,NULL,NULL,NULL,NULL,NULL,NULL,NULL,NULL,NULL,NULL,NULL,NULL,NULL
13/01/2022 12:00,NULL,NULL,NULL,NULL,NULL,NULL,NULL,NULL,NULL,NULL,NULL,NULL,NULL,NULL,NULL
13/01/2022 13:00,1.48,8.1,22.8,30.9,46,51,18,717.8,0,29,5.2,0.557,22.83,5.4,310
13/01/2022 14:00,1.48,5.7,18.7,24.3,54,65,26,716.5,0,27,4.1,0.533,23.96,6.1,330
13/01/2022 15:00,1.34,5,18.2,23.2,58,52,34,715.9,0,25,4.9,0.456,24.67,5.5,333
13/01/2022 16:00,1.46,4.7,22,26.6,64,63,18,715.5,0,24,5.9,0.331,25.54,3.8,325
13/01/2022 17:00,1.58,3.6,19.8,23.4,64,75,36,715.2,0,23,4.7,0.183,25.45,3.5,297
13/01/2022 18:00,1.58,3.8,31.2,34.9,47,65,45,715.2,0,31,4,0.031,22.03,2.6,226
13/01/2022 19:00,1.83,6,45.9,51.9,26,57,30,715.4,0,37,3.6,0.002,20.33,5.5,151
13/01/2022 20:00,1.7,5.4,38.5,43.9,28,64,18,715.6,0,43,3.4,0.001,18.25,5.7,143
13/01/2022 21:00,1.57,4,33.1,37,31,63,19,715.8,0,47,3.4,0.001,16.53,6.8,149
13/01/2022 22:00,1.67,3.7,30.9,34.6,33,53,11,716,0,50,3.5,0.001,15.53,6.7,141
13/01/2022 23:00,1.56,3,25.7,28.7,35,53,27,715.9,0,53,3.4,0.001,14.22,4.1,147
14/01/2022 00:00,1.51,2.7,24.8,27.5,30,50,22,715.8,0,55,3.2,0.001,13.02,2.6,244
14/01/2022 01:00,1.41,2.5,20.7,23.2,30,43,18,715.6,0,57,3.1,0.001,12.12,3.4,259
14/01/2022 02:00,1.4,2.7,25.4,28.2,20,39,10,715.2,0,60,3,0.001,11.36,2.2,240
14/01/2022 03:00,1.4,3,30,33.1,12,37,15,714.8,0,64,2.9,0.001,10.16,0.8,244
14/01/2022 04:00,1.36,2.6,24.6,27.2,14,35,22,714.4,0,66,2.8,0.001,9.69,1.8,256
14/01/2022 05:00,1.32,3.2,25.2,28.4,11,36,5,714,0,68,2.7,0.001,9.09,1,234
14/01/2022 06:00,1.21,10.9,29.9,40.8,5,30,5,713.7,0,69,2.8,0.001,8.66,1,262
14/01/2022 07:00,1.56,24.4,31.5,55.9,3,39,6,713.7,0,69,2.9,0.001,8.5,1,259
14/01/2022 08:00,1.82,42.1,31.9,74,3,41,9,713.8,0,72,3,0.007,7.8,0.4,325
14/01/2022 09:00,2.2,79.8,35.3,115.1,5,47,22,713.9,0,60,3.7,0.131,11.13,1.3,238
14/01/2022 10:00,1.88,38,34.6,72.6,13,59,NULL,714,0,41,4.5,0.3,16.55,0.9,238
14/01/2022 11:00,1.76,21.1,36.1,57.3,25,67,24,713.7,0,29,8.2,0.423,20.57,2.6,4
14/01/2022 12:00,1.85,14.6,36.3,50.9,38,95,20,712.9,0,25,8,0.51,23.02,3.3,4
14/01/2022 13:00,1.63,10.4,34.2,44.7,51,97,28,711.6,0,22,8.5,0.545,24.53,3.9,16
14/01/2022 14:00,1.74,8.6,38.3,46.9,64,85,36,710.4,0,22,9.1,0.513,25.64,4.7,358
14/01/2022 15:00,1.97,6.3,36.7,43,79,107,49,709.3,0,21,8.1,0.439,26.9,3.1,317
14/01/2022 16:00,1.74,4.7,30.9,35.6,84,107,48,708.6,0,20,6.7,0.328,27.93,3.6,296
14/01/2022 17:00,1.61,4.1,27.1,31.2,73,93,30,708.2,0,20,4.6,0.193,27.74,3.6,190
14/01/2022 18:00,1.44,3.1,22.6,25.7,67,64,5,708,0,24,4,0.032,25.35,4.8,166
14/01/2022 19:00,1.7,4.1,47.7,51.8,29,51,28,708.4,0,30,3.7,0.002,22.28,3.4,130
14/01/2022 20:00,1.9,4.8,50.1,54.9,16,67,7,708.9,0,36,3.4,0.001,19.5,1.3,215
14/01/2022 21:00,1.89,16.8,50.7,67.5,7,56,15,709.1,0,40,3.4,0.001,17.66,2.9,233
14/01/2022 22:00,2.11,26.6,49.3,76,3,63,43,709.3,0,46,3.3,0.001,16.17,1.9,277
14/01/2022 23:00,2.01,23.5,43.9,67.5,4,68,31,709.5,0,48,3.2,0.001,15.48,1.5,233
15/01/2022 00:00,1.87,22.7,39.7,62.4,3,60,27,709.6,0,53,3.1,0.001,14.61,1.2,280
15/01/2022 01:00,1.8,14.7,35.1,49.8,4,56,25,709.4,0,57,3,0.001,13.96,0.9,269
15/01/2022 02:00,1.68,20.6,34,54.6,3,46,31,709.1,0,59,3,0.001,13.06,0.9,248
15/01/2022 03:00,1.67,27,31.9,58.9,3,49,16,709,0,59,3.1,0.001,12.66,1,254
15/01/2022 04:00,1.41,11.2,29.6,40.8,3,47,14,709,0,55,3,0.001,13.09,0.7,222
15/01/2022 05:00,1.48,10.2,28.6,38.8,4,41,8,709.6,0,54,3,0.001,13.17,2.5,311
15/01/2022 06:00,1.44,2.6,16.7,19.3,25,45,9,711.6,0,28,4.1,0.001,18.72,6.8,327
15/01/2022 07:00,1.28,2.5,7.9,10.5,32,314,58,713.7,0,26,3.1,0.001,17.14,8.5,334
15/01/2022 08:00,1.32,3,10.6,13.6,26,470,38,715,0,30,2.8,0.009,15.7,9.1,339
15/01/2022 09:00,1.33,4.8,13,17.8,22,434,22,716,0,33,2.8,0.101,15.14,9.7,347
15/01/2022 10:00,1.32,6.1,11.2,17.3,25,356,27,717.2,0,35,2.7,0.256,15.24,10,348
15/01/2022 11:00,1.33,5.9,10.7,16.6,28,354,26,718.2,0,32,2.7,0.286,15.29,8.3,354
15/01/2022 12:00,1.31,5.3,8,13.3,33,256,6,718.6,0,28,NULL,0.475,16.03,6.5,13
15/01/2022 13:00,1.34,5,7.6,12.5,35,220,71,718.3,0,22,2.6,0.49,17.04,6.4,24
15/01/2022 14:00,1.4,5.1,7.9,13,35,141,21,717.4,0,20,2.7,0.464,17.44,4.6,31
15/01/2022 15:00,1.38,4.8,8,12.8,35,105,4,716.7,0,20,2.8,0.404,18.58,9.4,352
15/01/2022 16:00,1.35,4.8,8,12.8,34,136,22,716.4,0,20,2.7,0.351,17.92,8.8,2
15/01/2022 17:00,1.36,4.5,10.2,14.7,33,132,24,716.5,0,21,2.6,0.172,17.15,6,14
15/01/2022 18:00,1.38,3.3,11.6,14.9,32,113,10,716.7,0,20,2.6,0.034,16.36,4.7,28
15/01/2022 19:00,1.36,2.6,9.8,12.4,34,101,5,717.5,0,17,NULL,0.003,14.79,3.8,15
15/01/2022 20:00,1.4,2.5,10.9,13.3,32,113,11,718.3,0,18,NULL,0.001,13.7,5.2,334
15/01/2022 21:00,1.38,2.4,9.3,11.7,33,140,23,719,0,19,3,0.001,12.61,5.2,346
15/01/2022 22:00,1.36,2.4,8.8,11.2,33,160,21,719.5,0,20,2.8,0.001,12.04,5.1,322
15/01/2022 23:00,1.35,2.5,10.4,12.9,30,156,18,719.8,0,23,2.6,0.001,11.26,1.7,303
16/01/2022 00:00,1.45,3.1,15.6,18.7,21,137,31,719.9,0,27,2.8,0.001,10.01,2.5,153
16/01/2022 01:00,1.45,3.4,15.1,18.5,19,129,26,719.7,0,30,2.8,0.001,9.26,6.5,141
16/01/2022 02:00,1.34,2.8,10.5,13.4,22,125,27,719.4,0,34,2.7,0.001,8.33,6,145
16/01/2022 03:00,1.32,2.5,11.7,14.2,19,104,27,719.4,0,37,2.7,0.001,7.29,1,190
16/01/2022 04:00,1.34,2.7,13.4,16.1,15,98,15,719.4,0,41,2.6,0.001,6.29,1.3,175
16/01/2022 05:00,1.44,2.8,13.7,16.5,14,88,16,718.9,0,42,2.7,0.001,6.11,1.5,211
16/01/2022 06:00,1.27,2.8,12.4,15.2,16,82,12,718.6,0,43,2.7,0.001,5.75,0.7,154
16/01/2022 07:00,1.39,3.3,12.9,16.2,15,78,NULL,718.6,0,44,NULL,0.001,5.5,1.8,172
16/01/2022 08:00,1.46,7,20.1,27.2,7,82,10,718.9,0,47,NULL,0.008,4.69,1.3,214
16/01/2022 09:00,1.49,9.5,15.4,24.9,14,83,12,719.3,0,42,2.8,0.129,6.81,3.2,146
16/01/2022 10:00,1.44,8.3,11.7,20,24,93,12,719.5,0,30,2.8,0.308,10.43,7.8,130
16/01/2022 11:00,1.32,4,5.3,9.3,39,106,3,719.4,0,19,NULL,0.444,13.38,6.8,141
16/01/2022 12:00,1.36,4.1,5.8,9.9,41,76,4,718.7,0,17,3,0.534,15.91,1.1,53
16/01/2022 13:00,1.41,4.8,8.2,13.1,42,79,NULL,717.6,0,17,3.5,0.573,16.9,3.8,21
16/01/2022 14:00,1.41,4.6,9.1,13.7,47,86,26,716.2,0,17,3.5,0.551,17.96,3.5,350
16/01/2022 15:00,1.53,4.3,10.2,14.5,51,84,17,715.2,0,16,3.9,0.476,19.08,3.2,20
16/01/2022 16:00,1.5,4.1,10.2,14.3,52,82,33,714.6,0,14,3.9,0.359,20.52,1.1,116
16/01/2022 17:00,1.49,4.2,11,15.1,46,88,23,714.3,0,16,3,0.206,19.93,7.8,154
16/01/2022 18:00,1.5,3.5,10.5,14,44,89,11,714.4,0,20,2.9,0.035,17.4,5.2,175
16/01/2022 19:00,1.54,3.4,13.6,17,37,66,3,714.6,0,23,2.9,0.002,15.45,5,174
16/01/2022 20:00,1.61,6,23.7,29.7,20,68,28,714.9,0,30,NULL,0.001,13.41,6.1,145
16/01/2022 21:00,1.56,4.4,18.7,23.2,24,68,31,715.2,0,32,NULL,0.002,12.27,6.5,149
16/01/2022 22:00,1.51,4.2,18.9,23,22,60,17,715.4,0,33,NULL,0.001,11.82,5.4,152
16/01/2022 23:00,1.44,3.4,15.6,19.1,25,55,6,715.2,0,34,NULL,0.001,10.93,4,153
17/01/2022 00:00,1.44,3.5,21.8,25.3,16,57,18,715.1,0,38,NULL,0.001,9.23,3,245
17/01/2022 01:00,1.43,3,22.2,25.3,11,58,13,715.1,0,45,2.8,0.001,7.64,0.3,296
17/01/2022 02:00,1.45,3.1,23,26.1,7,53,7,715,0,50,2.8,0.001,6.65,0.8,253
17/01/2022 03:00,1.43,2.9,21,23.8,7,50,11,714.8,0,54,NULL,0.001,6.01,0.9,273
17/01/2022 04:00,1.22,5.5,23.5,29,4,46,12,714.7,0,57,NULL,0.001,5.4,0.6,270
17/01/2022 05:00,1.36,4.1,20.4,24.5,9,46,10,714.9,0,54,2.9,0.001,5.43,0.5,232
17/01/2022 06:00,1.43,7.4,24.4,31.9,4,48,5,714.8,0,55,3,0.001,5.18,1,217
17/01/2022 07:00,1.46,24.5,26.4,50.9,3,48,2,715,0,54,3.1,0.001,5.06,0.6,239
17/01/2022 08:00,2,66.6,29.4,96,3,52,NULL,715.6,0,53,3.4,0.007,5.05,1.2,247
17/01/2022 09:00,2.22,81.2,30.2,111.5,5,59,NULL,716.1,0,44,3.7,0.141,8.4,1.6,140
17/01/2022 10:00,2.7,112.5,39,151.5,7,77,NULL,716.4,0,29,4.5,0.319,14.6,1,133
17/01/2022 11:00,1.9,31,32.7,63.6,18,92,3,716.4,0,17,5.3,0.45,19.71,2.5,12
17/01/2022 12:00,1.69,14.9,26.7,41.6,31,78,22,716,0,13,5.8,0.541,21.49,4.2,NULL
17/01/2022 13:00,1.77,9.4,24,33.4,47,78,31,715.1,0,13,5,0.571,22.68,4.5,298
17/01/2022 14:00,1.68,6,17.7,23.8,54,90,31,714.2,0,11,4.3,0.552,24.12,3.6,318
17/01/2022 15:00,1.55,4.9,14.1,19,57,79,21,713.3,0,11,4.3,0.477,24.77,3.5,128
17/01/2022 16:00,1.61,4.3,13.1,17.4,61,63,22,713,0,11,4.4,0.363,24.55,8.6,149
17/01/2022 17:00,1.54,4.2,19.2,23.4,66,68,15,712.9,0,12,6.4,0.213,24.05,9.1,149
17/01/2022 18:00,1.6,3.3,18.7,22,67,75,33,713.2,0,14,7.2,0.039,22.31,12.1,135
17/01/2022 19:00,1.58,3.4,20.2,23.6,44,74,28,713.5,0,17,4,0.002,20.46,6.2,163
17/01/2022 20:00,1.55,2.8,10.9,13.7,44,60,6,714.1,0,18,3.2,0,18.63,5.2,185
17/01/2022 21:00,1.41,2.6,8.2,10.8,46,44,11,714.4,0,19,3.1,0.001,17.67,5.7,180
17/01/2022 22:00,1.53,4.8,25.2,30,24,42,17,714.5,0,26,3.1,0.001,14.89,5.6,140
17/01/2022 23:00,1.42,3.3,23.2,26.5,24,47,6,714.4,0,30,NULL,0.001,12.93,2.4,163
18/01/2022 00:00,1.49,6.7,30.8,37.5,12,44,22,714.3,0,35,NULL,0,11.02,0.6,164
18/01/2022 01:00,1.5,3.9,29.4,33.3,7,40,24,713.9,0,40,2.9,0.001,9.63,1.7,273
18/01/2022 02:00,1.41,4.7,28.5,33.2,7,39,16,713.7,0,44,3.1,0.001,8.68,0.7,191
18/01/2022 03:00,1.4,4.8,27.6,32.4,8,41,14,713.1,0,45,3,0.001,8.49,1.1,274
18/01/2022 04:00,1.48,3.8,24.2,28,11,41,15,712.7,0,46,3.3,0.001,9.13,2.7,310
18/01/2022 05:00,1.51,3,22.8,25.8,11,42,8,712.5,0,51,3.2,0.001,9.23,4.1,304
18/01/2022 06:00,1.54,2.7,24.5,27.3,9,50,18,712.4,0,54,3.2,0.001,9.27,3.9,317
18/01/2022 07:00,1.53,8,31.1,39.2,5,59,7,712.7,0,50,3.9,0.001,9.47,5.1,307
18/01/2022 08:00,1.72,32.6,33.9,66.6,3,62,15,712.8,0,49,4.4,0.007,9.34,2.7,311
18/01/2022 09:00,2.15,80.9,34.6,115.6,5,72,17,713.1,0,46,4.5,0.128,9.7,4.7,135
18/01/2022 10:00,2.4,76,43.1,119.1,9,83,10,713.2,0,34,9.5,0.297,14.99,3.5,151
18/01/2022 11:00,2.01,45.5,47,92.5,16,135,38,713.3,0,24,12.3,0.425,19.14,1.5,1
18/01/2022 12:00,2.13,46.5,60,106.5,21,126,49,712.9,0,22,19.5,0.497,21.19,4.1,11
18/01/2022 13:00,1.98,20.1,49.5,69.6,39,149,16,712.2,0,19,10.9,0.541,22.41,4.6,338
18/01/2022 14:00,2.03,12,48.6,60.6,56,136,55,711.1,0,18,8,0.508,24.68,2.8,342
18/01/2022 15:00,1.9,7.6,39.5,47.1,69,133,NULL,710.4,0,18,6.8,0.442,26.2,4.1,320
18/01/2022 16:00,1.7,4.8,28.4,33.3,75,127,NULL,710,0,17,5.8,0.328,27.16,3.6,297
18/01/2022 17:00,1.68,4.5,30.2,34.7,69,103,NULL,709.8,0,17,5.2,0.194,27.19,3.6,179
18/01/2022 18:00,1.69,3.2,26.9,30.2,69,82,NULL,710,0,19,4.9,0.041,24.86,5.5,174
18/01/2022 19:00,1.62,3.7,31.1,34.8,57,77,5,710.3,0,24,4.6,0.002,22.24,4.4,175
18/01/2022 20:00,1.75,4,40.5,44.5,34,74,20,710.8,0,30,4.1,0.001,19.45,7.2,141
18/01/2022 21:00,1.74,3.5,44.2,47.7,23,71,30,711.4,0,33,3.8,0.001,17.21,1.8,248
18/01/2022 22:00,1.84,8.6,49.9,58.5,10,69,48,711.6,0,37,3.6,0.001,15.71,2.1,155
18/01/2022 23:00,1.69,6.6,44.7,51.3,13,60,17,711.7,0,37,3.5,0.001,15.07,3.3,252
19/01/2022 00:00,1.66,8.7,40.6,49.2,14,54,13,711.8,0,40,3.5,0.001,14.14,2,239
19/01/2022 01:00,1.52,3.3,35.3,38.7,12,50,10,711.4,0,45,3.3,0.001,12.91,0.7,224
19/01/2022 02:00,1.48,3.7,35.2,38.9,8,53,20,711.3,0,50,3.2,0.001,12.06,1,277
19/01/2022 03:00,1.48,4.2,31,35.2,8,48,28,711.2,0,54,3.2,0.001,11.3,1.3,281
19/01/2022 04:00,1.42,2.4,18.4,20.8,19,46,18,711.3,0,53,3.3,0.001,11.92,4.1,309
19/01/2022 05:00,1.44,2.9,20.6,23.5,17,51,11,711.1,0,44,4.1,0.001,12.99,2.7,305
19/01/2022 06:00,1.57,9,29.3,38.2,5,56,18,711.1,0,52,3.6,0.001,10.97,0.7,183
19/01/2022 07:00,1.59,29.9,32.2,62.1,3,52,18,711.4,0,54,3.6,0.001,10.42,1,290
19/01/2022 08:00,2.14,73,31.7,104.7,3,52,14,711.8,0,56,3.8,0.007,10.26,0.6,306
19/01/2022 09:00,2.7,127,35,162,4,69,17,712.2,0,47,4.4,0.131,13.34,1,119
19/01/2022 10:00,2.42,73.7,36.4,110.2,9,133,11,712.5,0,26,5.1,0.297,21.59,4.1,323
19/01/2022 11:00,1.58,11.8,19.7,31.5,26,87,8,712.5,0,17,4.9,0.432,26.79,4.5,347
19/01/2022 12:00,1.31,4.9,8.9,13.8,34,79,13,712.1,0,16,3.4,0.519,28.73,9.3,331
19/01/2022 13:00,1.24,4.4,7.9,12.2,37,75,NULL,711.5,0,15,3.1,0.557,29.73,7.7,347
19/01/2022 14:00,1.33,4.1,7.4,11.5,39,54,19,710.4,0,12,3,0.544,30.45,8.6,339
19/01/2022 15:00,1.3,5.3,10.4,15.7,36,54,14,709.6,0,12,3.5,0.471,30.78,6.3,16
19/01/2022 16:00,1.32,4.5,9.1,13.6,36,43,NULL,709.5,0,12,3.3,0.356,31.44,3.8,39
19/01/2022 17:00,1.35,4.4,11.4,15.8,36,47,2,709.4,0,11,3.5,0.211,31.44,3.6,151
19/01/2022 18:00,1.44,4.6,22.6,27.1,45,36,11,709.6,0,16,3.5,0.039,28.42,4.9,166
19/01/2022 19:00,1.38,3.6,18.2,21.8,44,56,17,710.1,0,21,40.6,0.002,26.44,12.7,139
19/01/2022 20:00,1.49,2.7,15.6,18.3,48,78,31,711.1,0,24,4.6,0.001,24.39,5.6,193
19/01/2022 21:00,1.49,3.2,22,25.2,39,112,19,711.8,0,27,4.5,0.001,23.11,6,141
19/01/2022 22:00,1.58,3.2,21.6,24.8,32,56,9,712.4,0,30,6.6,0.001,22.48,5.4,128
19/01/2022 23:00,1.43,3.3,23.8,27.2,27,45,15,713,0,34,4.6,0.001,20.6,5.1,135
20/01/2022 00:00,1.24,2.6,7.7,10.3,40,47,8,713.2,0,28,6.6,0.001,22.18,6,120
20/01/2022 01:00,1.23,2.4,7.6,10,39,45,28,713.5,0,31,4,0.001,20.72,2.3,176
20/01/2022 02:00,1.35,2.7,10.2,12.9,32,40,17,713.6,0,36,3.8,0.001,18.86,6.5,141
20/01/2022 03:00,1.22,2.4,9.5,11.9,29,26,20,713.9,0,40,3.6,0.001,17.45,2.4,288
20/01/2022 04:00,1.41,2.4,12.5,15,20,26,16,714,0,46,3.4,0.001,16.3,0.9,262
20/01/2022 05:00,1.26,3.5,17.9,21.4,15,31,NULL,714.4,0,46,3.3,0.002,15.87,4,341
20/01/2022 06:00,1.2,2.5,8.8,11.2,31,80,12,715.6,0,46,3,0.002,15.01,9,338
20/01/2022 07:00,1.32,2.6,8.9,11.5,31,103,11,716.1,0,44,3,0.001,14.08,7.4,346
20/01/2022 08:00,1.18,3.1,11.1,14.2,26,64,15,717,0,44,3.8,0.007,13.07,7,351
20/01/2022 09:00,1.36,3.7,12.1,15.7,22,65,14,718,0,43,4,0.055,12.15,9.7,327
20/01/2022 10:00,1.36,4.5,12.4,16.9,21,94,26,719,0,42,3.8,0.083,11.21,10.1,331
20/01/2022 11:00,1.38,5.6,11,16.6,23,92,26,719.6,0,40,4.2,0.192,10.87,6.7,345
20/01/2022 12:00,1.42,6.8,10.1,16.9,25,79,2,719.6,0,37,3.6,0.344,11.41,7.4,359
20/01/2022 13:00,1.43,7.5,10.3,17.8,25,86,17,718.9,0,35,3.6,0.397,11.41,6.9,13
20/01/2022 14:00,1.37,7,10.8,17.7,27,92,3,718.1,0,32,3.5,0.401,12.51,6.1,9
20/01/2022 15:00,1.51,6.3,12.2,18.5,26,76,4,717.5,0,33,4.3,0.236,12.17,6.2,357
20/01/2022 16:00,1.44,6.6,13,19.5,23,86,15,717.5,0,32,5.9,0.193,11.55,6.4,5
20/01/2022 17:00,1.44,5.6,14.5,20.2,20,69,12,717.7,0,34,7.4,0.082,10.1,7.2,345
20/01/2022 18:00,1.32,4.5,14.6,19.1,18,58,11,718.3,0,35,5.5,0.036,8.84,8.5,330
20/01/2022 19:00,1.4,3.1,13.6,16.7,21,59,NULL,719.1,0,37,5.1,0.004,7.55,7.3,329
20/01/2022 20:00,1.42,2.6,12.3,14.9,20,50,NULL,719.6,0,38,4.9,0.002,7.06,6.7,310
20/01/2022 21:00,1.33,2.5,9.8,12.3,23,48,NULL,720.2,0,38,5,0.002,6.64,7.4,320
20/01/2022 22:00,1.34,2.7,11.3,14,20,44,NULL,720.6,0,37,4,0.002,6,5.4,348
20/01/2022 23:00,1.36,2.4,9.5,11.9,23,48,NULL,720.8,0,37,3.7,0.002,5.37,6.2,343
21/01/2022 00:00,1.36,2.5,9.7,12.2,22,45,NULL,720.9,0,38,3.8,0.002,5.02,4.8,357
21/01/2022 01:00,1.35,2.4,10.5,12.9,21,40,12,720.7,0,38,4.3,0.002,4.85,5.1,7
21/01/2022 02:00,1.32,2.4,10.1,12.6,22,41,NULL,720.4,0,42,4.1,0.002,4.39,5.7,353
21/01/2022 03:00,1.3,NULL,NULL,NULL,23,38,20,720.2,0,59,3.3,0.001,3.56,5.5,357
21/01/2022 04:00,1.31,2.5,9.4,11.9,19,34,5,720,0,72,2.8,0.002,2.83,6.2,357
21/01/2022 05:00,1.36,2.4,11,13.4,16,30,25,719.7,0,78,2.8,0.002,2.66,8,331
21/01/2022 06:00,1.29,2.6,10.5,13.2,16,26,4,720,0,84,2.6,0.003,1.91,5.8,359
21/01/2022 07:00,1.22,2.7,11,13.8,15,28,12,720.1,0,83,2.8,0.003,1.56,3.9,359
21/01/2022 08:00,1.34,3.3,16,19.3,9,26,NULL,720.6,0,82,2.8,0.003,1.71,4,341
21/01/2022 09:00,1.38,6.4,19.1,25.5,6,24,2,720.9,0,82,NULL,0.012,2.07,2.9,39
21/01/2022 10:00,1.44,11.9,20.2,32.1,7,26,14,721.4,0,80,NULL,0.042,2.23,3.7,23
21/01/2022 11:00,1.52,14.5,19.4,34,7,29,9,721.7,0,79,2.7,0.074,2.49,4.8,347
21/01/2022 12:00,1.52,17.2,19.3,36.5,9,36,14,721.5,0,76,3,0.116,3.24,3.7,10
21/01/2022 13:00,1.6,22.1,20.4,42.5,10,40,NULL,720.7,0,72,3.2,0.183,4.66,1.9,351
21/01/2022 14:00,1.64,27.2,22.2,49.5,13,46,NULL,719.7,0,66,4,0.332,6.5,2.4,348
21/01/2022 15:00,1.77,28.3,30.5,58.8,11,65,19,719.1,0,63,4.6,0.204,7.26,4.1,344
21/01/2022 16:00,1.87,28.5,33.7,62.2,11,76,27,718.6,0,61,4.9,0.204,7.79,3.9,8
21/01/2022 17:00,1.95,23.9,36.8,60.7,11,88,45,718.4,0,59,4.9,0.131,8.09,2.6,350
21/01/2022 18:00,1.97,18.7,39.5,58.2,6,92,59,718.4,0,61,4.3,0.04,7.9,2.5,6
21/01/2022 19:00,1.81,17,30.1,47.1,3,84,36,718.7,0,69,3.3,0.004,7.48,6.4,145
21/01/2022 20:00,1.62,15.2,22.9,38.1,3,70,35,719.3,0,76,2.9,0.003,6.6,9.9,142
21/01/2022 21:00,1.63,14.6,22.5,37.1,3,58,9,719.5,0,76,2.7,0.002,6.1,9.5,146
21/01/2022 22:00,1.58,14.2,20.3,34.5,NULL,54,NULL,719.8,0,79,2.7,0.003,5.57,9.8,142
21/01/2022 23:00,1.66,11.9,18.7,30.6,NULL,62,NULL,719.8,0,81,NULL,0.003,5.36,9,140
22/01/2022 00:00,1.48,11.2,18.3,29.5,NULL,55,NULL,719.6,0,81,2.5,0.002,5.38,8.9,140
22/01/2022 01:00,1.5,9.2,17.7,26.9,NULL,52,24,719.3,0,81,2.7,0.002,5.52,6.3,118
22/01/2022 02:00,1.4,4,15.7,19.7,4,52,20,719.2,0,78,4.6,0.002,5.57,2.5,81
22/01/2022 03:00,1.38,3.2,14.3,17.5,5,46,43,718.9,0,78,4.7,0.002,5.55,2.8,158
22/01/2022 04:00,1.38,3.5,13.1,16.6,6,45,38,718.6,0,80,3.4,0.002,5.3,7.1,128
22/01/2022 05:00,1.42,2.6,10.4,13.1,11,47,35,718.7,0,79,3.7,0.002,5.12,1.9,308
22/01/2022 06:00,1.25,2.4,8.1,10.5,21,47,17,718.9,0,70,6.6,0.002,4.66,3.5,318
22/01/2022 07:00,1.35,2.4,10.5,12.9,19,39,13,719.5,0,68,7.5,0.002,4.65,2.9,341
22/01/2022 08:00,1.33,2.9,17.8,20.6,12,46,8,720.1,0,68,8.4,0.005,4.75,2.1,355
22/01/2022 09:00,1.36,7.3,21.2,28.6,8,45,22,720.7,0,69,9.1,0.025,4.97,1.9,346
22/01/2022 10:00,1.44,12.6,23.4,36,8,55,22,721.4,0,71,10,0.061,4.98,3.8,26
22/01/2022 11:00,1.62,15.9,24.3,40.2,9,63,15,721.8,0,75,6.6,0.089,4.95,3.3,344
22/01/2022 12:00,1.64,19.8,25.1,44.9,8,65,22,721.5,0,79,5.7,0.099,5.23,1.7,294
22/01/2022 13:00,1.68,21.8,24.8,46.6,7,68,30,720.7,0,79,5,0.083,5.84,1.8,326
22/01/2022 14:00,1.76,23.1,27.9,50.9,6,74,36,720,0,81,4.7,0.061,5.86,3.2,357
22/01/2022 15:00,1.72,24,30,54,6,62,48,719.3,0,85,3.8,0.058,5.77,3.1,348
22/01/2022 16:00,1.95,24.6,35.7,60.3,5,61,33,719,0,86,3.6,0.045,5.84,3.8,329
22/01/2022 17:00,1.81,22.9,35.9,58.9,4,57,27,719,0,88,3.3,0.02,5.96,5,302
22/01/2022 18:00,1.63,14,31.6,45.6,3,43,15,719.1,0,89,2.9,0.008,6.03,7,292
22/01/2022 19:00,1.64,15.9,30.4,46.3,2,29,3,719.3,0,89,2.9,0.003,6.24,5.3,282
22/01/2022 20:00,1.69,14.3,28.6,42.8,2,24,15,719.6,0,89,2.8,0.003,6.37,2.5,288
22/01/2022 21:00,1.72,11.8,25.2,37,3,21,8,719.9,0,89,2.9,0.003,6.49,2.2,145
22/01/2022 22:00,1.52,8,18.4,26.4,5,26,25,720.1,0,90,2.9,0.003,6.45,4.5,147
22/01/2022 23:00,1.62,7.3,18.7,26,4,28,NULL,720.2,0,90,NULL,0.003,6.46,3.3,163
23/01/2022 00:00,1.5,5.5,17.8,23.3,5,34,NULL,720.1,0,90,3.2,0.003,6.44,2.9,154
23/01/2022 01:00,1.49,3.7,17.5,21.2,5,32,22,719.5,0,90,5.5,0.003,6.49,1.6,139
23/01/2022 02:00,1.45,2.9,18.6,21.6,5,27,22,719.2,0,90,4.8,0.003,6.48,2.8,339
23/01/2022 03:00,1.34,2.5,14.6,17.1,12,26,6,718.7,0,90,3.7,0.003,6.23,2.5,347
23/01/2022 04:00,1.35,2.6,13.2,15.7,12,22,NULL,718.4,0,90,3.4,0.003,6.17,2.3,32
23/01/2022 05:00,1.33,2.5,12.5,15,12,19,8,718.4,0,NULL,3.1,0.003,6.18,2.3,17
23/01/2022 06:00,1.3,2.6,12.4,15,NULL,22,9,718.2,0,NULL,2.8,0.003,6.27,2.1,15
23/01/2022 07:00,1.22,2.5,12.7,15.2,11,23,6,718.4,0,91,2.6,0.003,6.29,2,355
23/01/2022 08:00,1.32,2.9,14.8,17.7,8,22,3,718.7,0,91,2.8,0.004,6.39,2,1
23/01/2022 09:00,1.31,5.1,16.7,21.8,7,21,16,719.1,0,91,3.1,0.016,6.54,2.8,4
23/01/2022 10:00,1.39,7.8,17.6,25.5,6,21,17,719.4,0,91,3,0.03,6.58,3.4,351
23/01/2022 11:00,1.5,9,17.6,26.6,7,19,6,719.6,0,91,3.2,0.047,6.63,4.4,339
23/01/2022 12:00,1.44,7.8,17.5,25.3,10,23,21,719,0,91,2.9,0.059,6.76,4.2,317
23/01/2022 13:00,1.37,5.8,15.8,21.6,15,26,14,718.3,0,91,2.8,0.072,6.95,4.1,317
23/01/2022 14:00,1.42,6.3,16,22.4,16,25,7,717.3,0,90,2.8,0.087,7.13,3.8,357
23/01/2022 15:00,1.37,6.3,17.1,23.4,16,26,4,716.4,0,90,NULL,0.087,7.47,2.3,342
23/01/2022 16:00,1.43,5.5,19.1,24.6,16,35,20,715.7,0,89,3.1,0.056,7.73,2.3,318
23/01/2022 17:00,1.45,3.8,17.9,21.7,18,37,26,715.4,0,88,3.2,0.027,7.64,2.9,305
23/01/2022 18:00,1.41,3.4,19.8,23.2,14,32,10,715.2,0,89,2.8,0.009,7.62,3.2,278
23/01/2022 19:00,1.56,3.3,25.2,28.5,7,35,6,714.9,0,89,2.7,0.003,7.78,1.6,270
23/01/2022 20:00,1.56,4,22.9,26.9,6,34,20,714.9,0,90,2.7,0.003,8.08,1.5,17
23/01/2022 21:00,1.5,5.5,15.8,21.3,10,38,22,714.9,0,90,4.1,0.003,8.14,4.9,137
23/01/2022 22:00,1.4,5.3,13.1,18.4,12,33,6,714.7,0,90,5.7,0.003,8.01,6,139
23/01/2022 23:00,1.37,4.2,12.6,16.8,11,36,19,714.3,0,90,5.4,0.003,8.03,3.1,152
24/01/2022 00:00,1.34,3.3,13.7,17,9,32,30,713.8,0,90,5.2,0.003,8.05,0.7,148
24/01/2022 01:00,1.33,3.6,16.4,20,7,33,3,713.3,0,90,5.1,0.003,8.08,2.3,12
24/01/2022 02:00,1.49,6.6,21.5,28.1,3,38,16,712.7,0,91,5.2,0.003,8.08,2.5,19
24/01/2022 03:00,1.5,7,25.1,32.1,2,33,15,712.4,0,90,7.8,0.003,8.2,3.9,342
24/01/2022 04:00,1.63,6.9,24.3,31.1,3,32,24,712.1,0,91,11.1,0.003,8.3,3.4,3
24/01/2022 05:00,1.75,9.2,24.8,34.1,3,44,11,711.7,0,91,9.2,0.003,8.32,3.3,357
24/01/2022 06:00,1.87,13.5,24.5,38.1,2,48,29,711.4,0,91,6.7,0.003,8.42,4.1,25
24/01/2022 07:00,1.67,7.7,24,31.7,3,50,23,711.5,0,91,5.2,0.003,8.54,3.5,334
24/01/2022 08:00,1.7,12.8,24.1,36.9,3,46,19,711.4,0,91,4.2,0.004,8.7,2.9,313
24/01/2022 09:00,1.65,25.3,20.4,45.7,3,58,27,711.9,0,91,3.4,0.013,8.19,4.7,337
24/01/2022 10:00,1.53,14,17.4,31.4,5,37,27,712.1,0,90,3,0.057,7.94,2.8,319
24/01/2022 11:00,1.59,19.2,18.5,37.7,5,32,11,712.4,0,90,3,0.062,8.5,3.8,346
24/01/2022 12:00,1.69,37,22.3,59.4,5,46,17,712.1,0,88,3.2,0.095,9.05,5.1,331
24/01/2022 13:00,1.94,54.2,25.8,80,4,54,43,711.1,0,87,3.7,0.068,9.73,2.7,292
24/01/2022 14:00,2.31,58.4,27.9,86.3,5,93,63,710.2,0,84,3.6,0.125,10.63,1.4,341
24/01/2022 15:00,2.06,40.5,28.4,68.9,6,108,53,709.5,0,79,3.6,0.126,11.91,2.8,312
24/01/2022 16:00,2.13,42.1,31.5,73.5,5,95,65,709.4,0,77,3.3,0.076,12.38,1.7,124
24/01/2022 17:00,2.2,55.2,34,89.2,4,101,73,709.3,0,78,3.5,0.073,12.49,3.8,149
24/01/2022 18:00,2.37,66.1,35.4,101.4,3,108,73,709.3,0,79,3.5,0.018,12.48,4,147
24/01/2022 19:00,2.63,77.9,32.5,110.4,3,123,65,709.4,0,82,NULL,0.003,12.23,5.3,146
24/01/2022 20:00,2.49,64.8,27.8,92.7,2,117,56,709.8,0,84,3.3,0.002,11.96,5.4,146
24/01/2022 21:00,2.29,61.2,19.3,80.5,2,106,63,710.5,0,85,3.3,0.002,11.57,2.3,231
24/01/2022 22:00,2.23,76.9,15.4,92.4,2,85,39,710.8,0,87,3.2,0.002,11.32,1.3,285
24/01/2022 23:00,2.26,63.6,15.4,79,NULL,79,17,711.4,0,88,3.1,0.002,11.42,4.2,312
25/01/2022 00:00,2.16,24.1,19.5,43.6,NULL,60,14,711.7,0,79,3.2,0.002,12.99,4.1,306
25/01/2022 01:00,1.83,22.9,19.8,42.8,NULL,52,34,711.3,0,79,3.4,0.002,12.84,0.6,297
25/01/2022 02:00,1.57,17.8,15.1,32.9,NULL,51,21,711,0,84,3,0.002,11.87,2.2,157
25/01/2022 03:00,1.47,14,13.1,27.1,NULL,40,24,711,0,86,2.8,0.001,11.33,2.5,148
25/01/2022 04:00,1.46,10.7,11.6,22.2,NULL,34,9,711.2,0,87,2.7,0.002,10.28,1.1,317
25/01/2022 05:00,1.34,14.2,10.4,24.5,NULL,28,16,711.5,0,88,2.7,0.001,9.21,1,290
25/01/2022 06:00,NULL,NULL,NULL,NULL,NULL,NULL,NULL,NULL,NULL,NULL,NULL,0,NULL,NULL,NULL
25/01/2022 07:00,1.76,64.2,9.5,73.6,2,36,9,712.4,0,90,2.9,0.002,7.79,0.7,301
25/01/2022 08:00,1.99,85.3,10.6,95.9,3,45,10,712.9,0,90,2.8,0.008,7.47,0.3,202
25/01/2022 09:00,2.07,85.9,15.6,101.5,3,44,3,713.4,0,89,2.8,0.131,9.64,1.6,159
25/01/2022 10:00,2.2,77.9,21.4,99.3,5,45,4,713.6,0,73,3.8,0.313,14.52,4.1,147
25/01/2022 11:00,1.62,21.6,20.6,42.2,15,65,18,713.6,0,53,6.2,0.448,18.56,0.9,43
25/01/2022 12:00,1.81,22.6,26.7,49.3,19,60,22,713.4,0,47,6.2,0.541,20.52,3,360
25/01/2022 13:00,1.87,18.8,33.2,52.1,30,63,30,712.7,0,42,7.6,0.579,21.68,4.5,290
25/01/2022 14:00,1.58,4.2,7.9,12.2,43,82,15,711.8,0,28,3.7,0.56,23.24,3.6,342
25/01/2022 15:00,1.37,4.4,11,15.4,49,28,21,711.2,0,28,3.8,0.48,23.87,3.9,311
25/01/2022 16:00,NULL,NULL,NULL,NULL,NULL,NULL,NULL,NULL,NULL,NULL,NULL,0,NULL,NULL,NULL
25/01/2022 17:00,1.59,5.2,19.8,25,51,47,32,711.1,0,35,6.4,0.206,22.79,11.4,141
25/01/2022 18:00,1.48,3.8,16.4,20.2,55,48,39,711.2,0,36,9.3,0.055,21.49,14.3,135
25/01/2022 19:00,1.38,3.4,12.3,15.7,52,44,6,711.9,0,38,4,0.004,19.95,15.7,138
25/01/2022 20:00,1.59,3.9,12.9,16.8,40,35,NULL,712.9,0,38,3.2,0.001,19.05,12.9,144
25/01/2022 21:00,1.41,3.8,9.4,13.1,39,33,NULL,713.5,0,42,2.8,0.001,18.25,17.2,137
25/01/2022 22:00,1.3,3.6,10.3,13.9,36,24,3,714.1,0,51,2.8,0.001,16.89,11.8,146
25/01/2022 23:00,1.38,3.3,11.7,15,33,29,6,714.6,0,60,2.6,0.001,15.32,6.7,171
26/01/2022 00:00,1.3,3,11.7,14.7,32,29,3,714.9,0,66,2.6,0.001,14.16,6.8,182
26/01/2022 01:00,1.21,2.6,6.5,9.1,37,33,3,715,0,71,NULL,0.001,13.3,4.4,197
26/01/2022 02:00,1.25,2.9,7,9.9,34,21,12,715.1,0,79,2.3,0.002,12.73,8.4,159
26/01/2022 03:00,1.29,2.7,5.1,7.8,33,25,11,715.4,0,80,2.3,0.002,12.46,10,145
26/01/2022 04:00,1.27,2.6,4.6,7.3,30,23,18,715.4,0,81,2.2,0.002,12.18,6.7,143
26/01/2022 05:00,1.27,2.5,4.9,7.4,27,19,5,715.6,0,81,2.3,0.002,12.09,2.4,194
26/01/2022 06:00,1.31,2.6,6.4,9,26,15,6,715.8,0,79,2.2,0.002,12.11,4.7,156
26/01/2022 07:00,1.26,2.7,6.8,9.6,26,14,4,716.2,0,78,2.3,0.002,12.03,4,173
26/01/2022 08:00,1.36,3.2,7.5,10.7,23,15,NULL,716.6,0,84,2.2,0.005,11.33,3,200
26/01/2022 09:00,1.37,3.9,9.7,13.6,20,17,2,717.2,0,84,2.2,0.041,11.52,3.6,199
26/01/2022 10:00,1.35,5.1,12.5,17.7,22,20,NULL,717.8,0,79,NULL,0.088,12.32,4.2,186
26/01/2022 11:00,1.46,5.6,11.3,16.9,27,18,8,718,0,75,2.3,0.149,12.86,5.9,169
26/01/2022 12:00,1.32,6.2,10.1,16.2,28,21,15,717.9,0,75,2.3,0.231,13.3,6.4,168
26/01/2022 13:00,1.36,5.1,8.7,13.8,29,20,3,717.4,0,72,NULL,0.281,14.06,4,179
26/01/2022 14:00,1.33,6.8,10.7,17.5,28,18,6,716.4,0,69,NULL,0.328,14.63,5.3,179
26/01/2022 15:00,1.4,5.4,10.1,15.5,29,18,15,715.6,0,69,2.2,0.259,14.75,3.6,201
26/01/2022 16:00,1.32,4,8.6,NULL,NULL,NULL,NULL,NULL,NULL,NULL,NULL,0,NULL,NULL,NULL
26/01/2022 17:00,1.41,4.9,12.1,16.9,27,18,9,715.5,0,74,2.2,0.09,13.65,6,185
26/01/2022 18:00,1.36,3.5,9.1,12.5,27,20,10,715.8,0,76,2.2,0.032,13.09,3.1,214
26/01/2022 19:00,1.43,3.3,10.4,13.7,24,18,18,716.1,0,79,NULL,0.004,12.57,2.9,223
26/01/2022 20:00,1.29,3.3,8.3,11.6,29,18,2,716.4,0,80,NULL,0.002,12.48,5.6,179
26/01/2022 21:00,1.33,3.6,10.1,13.7,28,22,15,716.8,0,79,NULL,0.002,12.68,5.9,172
26/01/2022 22:00,1.36,6.6,19.7,26.3,17,22,NULL,717,0,81,NULL,0.002,12.48,8.9,149
26/01/2022 23:00,1.4,4.1,17.3,21.4,19,25,12,717,0,84,2.3,0.002,12.4,4.9,161
27/01/2022 00:00,1.53,3.2,13.5,16.7,22,24,7,717.2,0,85,2.2,0.002,12.5,4.3,147
27/01/2022 01:00,1.21,3.3,10.1,13.4,24,24,13,716.8,0,86,2.2,0.003,12.25,7.1,145
27/01/2022 02:00,1.32,3.1,11.9,15,19,22,NULL,716.9,0,89,2.1,0.003,12.02,8.5,115
27/01/2022 03:00,1.24,2.8,9.6,12.3,21,21,16,716.7,0,89,2.1,0.003,12.07,7.1,99
27/01/2022 04:00,1.25,2.7,8.9,11.6,22,20,8,716.6,0,90,NULL,0.003,12.16,6.4,97
27/01/2022 05:00,1.26,2.6,9.9,12.5,19,20,6,716.8,0,90,NULL,0.003,12.32,2.1,107
27/01/2022 06:00,1.23,2.8,14,16.8,12,20,6,716.8,0,90,NULL,0.003,12.29,1.5,86
27/01/2022 07:00,1.39,7.5,19.7,27.2,4,22,2,716.9,0,90,2.2,0.003,12.3,2.8,101
27/01/2022 08:00,1.46,14,20.2,34.2,3,21,12,717.2,0,90,2.2,0.006,12.33,3.9,110
27/01/2022 09:00,1.67,16.5,18.3,34.8,7,19,NULL,717.7,0,90,NULL,0.035,12.56,3.8,159
27/01/2022 10:00,1.59,15.3,18,33.4,8,21,14,718.3,0,89,NULL,0.065,12.86,5.5,136
27/01/2022 11:00,1.63,20.1,19.5,39.7,6,22,NULL,718.4,0,88,NULL,0.075,13.12,5,55
27/01/2022 12:00,1.53,15.1,17.7,32.8,9,23,2,717.7,0,86,NULL,0.142,13.79,2.6,23
27/01/2022 13:00,1.6,8.7,16.8,25.5,10,23,21,717.1,0,85,NULL,0.079,13.77,4.2,348
27/01/2022 14:00,1.41,7.6,13.8,21.4,14,23,8,716.3,0,83,NULL,0.104,14.09,3.9,30
27/01/2022 15:00,1.43,6.3,12.2,18.5,16,25,8,715.6,0,80,NULL,0.136,14.48,3.8,319
27/01/2022 16:00,1.44,5.5,11.4,16.9,16,25,14,715.2,0,82,NULL,0.105,14.41,4.4,341
27/01/2022 17:00,1.38,5.4,12.3,17.6,17,24,6,715.4,0,83,NULL,0.108,14.33,6,333
27/01/2022 18:00,1.54,4.4,15.3,19.8,13,31,14,715.6,0,84,NULL,0.034,14.03,4,340
27/01/2022 19:00,1.5,6.7,19.3,26,8,34,19,716.1,0,85,NULL,0.004,13.71,1.8,273
27/01/2022 20:00,1.44,6.1,11.6,17.7,11,39,2,716.3,0,84,NULL,0.003,13.8,4.7,184
27/01/2022 21:00,1.45,8.6,14.3,22.9,8,29,NULL,716.8,0,85,NULL,0.003,13.45,6.6,140
27/01/2022 22:00,1.33,6,11.4,17.4,10,31,15,717,0,86,2.1,0.002,13.3,8.1,134
27/01/2022 23:00,1.39,5.6,12.3,18,8,22,22,717.3,0,86,2.2,0.003,13.22,5.6,125
28/01/2022 00:00,1.37,7.7,14.5,22.1,5,30,16,717.3,0,86,2.2,0.003,13.14,2.5,63
28/01/2022 01:00,1.42,3.5,14.1,17.6,4,37,14,717.2,0,88,NULL,0.003,12.88,2.2,318
28/01/2022 02:00,1.41,4.4,13.8,18.2,3,43,11,717.3,0,89,NULL,0.003,12.94,3.2,360
28/01/2022 03:00,1.37,2.6,7.7,10.3,9,38,17,717.6,0,90,2.4,0.003,12.66,4.5,325
28/01/2022 04:00,1.38,2.6,12,14.6,8,28,22,717.8,0,90,2.7,0.003,12.52,5.7,332
28/01/2022 05:00,1.32,3,11.8,14.8,10,39,12,718,0,91,2.4,0.003,12.41,3.9,328
28/01/2022 06:00,1.26,2.7,8.9,11.5,13,17,5,718.6,0,91,2.3,0.003,12.37,6.3,330
28/01/2022 07:00,NULL,NULL,NULL,NULL,NULL,NULL,NULL,NULL,NULL,NULL,NULL,0,NULL,NULL,NULL
28/01/2022 08:00,1.41,3,10.7,13.7,13,18,9,720.8,0,90,2.6,0.004,11.67,7.7,327
28/01/2022 09:00,1.31,3.5,10.5,14,21,15,NULL,722.2,0,89,2.6,0.017,10.66,7.1,343
28/01/2022 10:00,1.38,3.7,11.3,15,24,16,NULL,723.7,0,88,2.8,0.04,10.15,7,338
28/01/2022 11:00,1.29,4,11.3,15.3,23,18,18,724.8,0,87,2.6,0.053,9.98,6.2,341
28/01/2022 12:00,1.42,3.8,12.5,16.3,26,16,9,725.5,0,88,2.5,0.061,9.23,7.4,321
28/01/2022 13:00,1.37,3.8,12.8,16.5,28,18,11,725.3,0,88,2.2,0.069,8.81,6.9,310
28/01/2022 14:00,1.41,4.1,12.4,16.5,25,21,15,724.7,0,88,2.1,0.072,8.32,5.7,321
28/01/2022 15:00,1.34,4.5,14.8,19.4,19,19,11,724.2,0,88,2.1,0.041,7.95,4.4,344
28/01/2022 16:00,1.38,6,14.9,20.9,16,19,5,723.8,0,86,NULL,0.066,8.27,3.8,18
28/01/2022 17:00,1.41,7.9,18.1,26,10,22,8,723.7,0,84,2.2,0.045,8.48,4.1,9
28/01/2022 18:00,1.43,9.3,21.8,31.2,7,27,13,723.9,0,83,2.2,0.02,8.14,4.4,347
28/01/2022 19:00,1.51,12,25.3,37.3,3,37,13,724.2,0,83,NULL,0.004,8,3.4,10
28/01/2022 20:00,1.45,6.3,23.1,29.4,4,42,11,724.5,0,82,NULL,0.004,8.14,3.3,8
28/01/2022 21:00,1.55,9.8,23.6,33.5,3,36,15,724.6,0,81,NULL,0.003,8.15,2.1,25
28/01/2022 22:00,1.64,15.2,23.6,38.8,3,46,26,724.8,0,82,NULL,0.003,8.29,2.7,128
28/01/2022 23:00,1.61,16.9,21.8,38.8,3,47,30,724.9,0,83,NULL,0.003,8.44,1.8,56
29/01/2022 00:00,1.54,8,22.9,30.8,NULL,51,29,724.9,0,81,2.1,0.003,8,5.6,306
29/01/2022 01:00,1.43,4,20.7,24.8,5,46,33,724.5,0,80,2.1,0.002,8.16,2.2,328
29/01/2022 02:00,1.39,2.8,13.7,16.5,13,38,24,724.3,0,77,2.3,0.002,8.39,1.4,330
29/01/2022 03:00,1.43,2.6,10.8,13.4,16,32,3,723.8,0,75,2.5,0.002,8.39,1.6,183
29/01/2022 04:00,1.41,2.7,9.3,12.1,19,27,5,723.4,0,75,2.4,0.002,NULL,3.3,135
29/01/2022 05:00,1.28,2.6,11.5,14.1,18,29,11,723,0,74,2.3,0.002,8.21,1.9,62
29/01/2022 06:00,1.27,2.5,14.5,17,14,33,3,723,0,74,2.4,0.002,7.93,3.5,353
29/01/2022 07:00,1.4,3.2,17.8,21,10,30,10,723.2,0,75,2.8,0.002,7.83,0.5,15
29/01/2022 08:00,1.41,11,21.8,32.8,5,40,7,723.4,0,76,2.6,0.009,8.16,3.8,133
29/01/2022 09:00,1.46,10.3,17.5,27.9,7,45,13,723.6,0,77,2.4,0.055,8.36,3.5,24
29/01/2022 10:00,1.54,8.9,11.2,20.1,18,42,37,723.6,0,69,2.5,0.255,10.54,1.7,198
29/01/2022 11:00,1.42,8.7,11.8,20.4,26,32,23,723.3,0,54,2.5,0.382,12.04,7.4,162
29/01/2022 12:00,1.45,5.9,8.9,14.8,38,32,9,722.7,0,36,2.3,0.472,13.23,7.4,180
29/01/2022 13:00,1.43,4.7,8.1,12.8,41,26,23,722,0,34,2.2,0.375,13.54,4.7,196
29/01/2022 14:00,1.49,5.3,9,14.3,40,21,9,720.8,0,37,2.3,0.489,14.63,5.6,174
29/01/2022 15:00,1.51,4.9,8.1,13,42,24,NULL,719.6,0,38,2.3,0.504,15.32,6.1,169
29/01/2022 16:00,1.44,4.1,7.4,11.4,42,24,5,718.9,0,38,2.2,0.381,15.99,4.8,192
29/01/2022 17:00,1.42,4.3,8.3,12.6,41,21,NULL,718.6,0,39,2.3,0.235,16.14,4.4,179
29/01/2022 18:00,1.46,3.1,6.8,9.9,40,21,NULL,718.4,0,44,2.2,0.066,14.68,3.4,198
29/01/2022 19:00,1.62,7.1,23.2,30.4,23,25,25,718.6,0,48,2.3,0.005,13.31,6.7,155
29/01/2022 20:00,1.72,6.7,24.4,31.1,20,38,NULL,719,0,51,2.3,0.001,12.63,4.3,180
29/01/2022 21:00,1.41,2.9,9.9,12.9,34,36,3,719.1,0,52,2.2,0.001,12.04,3.7,208
29/01/2022 22:00,1.45,3.1,11.5,14.6,30,29,14,719.1,0,56,2.2,0.001,11.2,6.1,189
29/01/2022 23:00,1.38,3,10.2,13.2,28,29,6,719.1,0,59,NULL,0.001,10.48,4.7,175
30/01/2022 00:00,1.61,5,15.4,20.4,15,26,7,718.8,0,66,2.1,0.001,9.17,6.1,140
30/01/2022 01:00,1.48,3.5,14.4,17.9,16,32,18,718.3,0,68,2.1,0.001,8.71,4.3,146
30/01/2022 02:00,1.44,2.6,12.1,14.7,12,36,11,718.1,0,73,NULL,0.001,7.46,1.2,260
30/01/2022 03:00,1.46,3.8,13.3,17.1,8,22,4,717.6,0,77,NULL,0.001,6.78,1.3,161
30/01/2022 04:00,1.32,3.5,13.3,16.8,7,23,16,717.2,0,78,NULL,0.001,6.4,0.7,178
30/01/2022 05:00,1.59,4.8,13.4,18.2,5,23,16,716.6,0,80,NULL,0.001,5.83,0.7,322
30/01/2022 06:00,1.6,6,13.8,19.8,3,30,NULL,716.4,0,83,NULL,0.001,5.57,1.2,297
30/01/2022 07:00,1.53,7.8,18.6,26.4,4,30,16,716.6,0,79,2.4,0.001,6.91,4.6,298
30/01/2022 08:00,1.55,15.8,17.2,33.1,3,44,27,717,0,78,2.4,0.007,6.71,1.3,330
30/01/2022 09:00,1.68,36,14.9,50.9,5,43,7,717.2,0,77,2.6,0.129,7.74,3.3,130
30/01/2022 10:00,1.89,31,24.1,55,11,45,20,717.4,0,60,6.5,0.311,11.81,1.9,30
30/01/2022 11:00,1.98,25.3,30.2,55.5,20,76,31,717.4,0,51,9,0.458,13.85,4.6,2
30/01/2022 12:00,2,19.6,32,51.5,29,86,26,716.9,0,43,10.6,0.558,15.97,3.7,355
30/01/2022 13:00,1.86,11.6,24.9,36.5,39,80,31,715.6,0,40,11.1,0.604,17.92,2.9,346
30/01/2022 14:00,1.82,6.5,21,27.5,59,69,27,714.5,0,38,6.8,0.587,18.91,5.1,1
30/01/2022 15:00,1.79,5,19.2,24.1,67,71,24,713.6,0,36,4.9,0.508,20.52,3.7,330
30/01/2022 16:00,1.69,3.7,14,17.7,67,75,21,713.1,0,35,3.7,0.382,21.62,3.1,264
30/01/2022 17:00,1.46,3.8,13.1,17,57,53,25,712.6,0,36,3.7,0.23,21.57,8.3,163
30/01/2022 18:00,1.49,3.8,14.4,18.3,45,44,31,712.3,0,40,3.3,0.072,20.25,8.6,160
30/01/2022 19:00,1.6,3.5,17,20.5,35,33,13,712.5,0,46,2.8,0.007,18.36,6.5,165
30/01/2022 20:00,1.5,3.5,14.7,18.2,32,34,5,712.5,0,49,2.6,0.001,17.68,7,182
30/01/2022 21:00,1.45,NULL,NULL,NULL,30,36,2,712.9,0,53,2.5,0.001,16.9,5.8,166
30/01/2022 22:00,1.72,4.1,26.6,30.7,10,34,24,713.1,0,61,2.7,0.001,14.98,2.7,111
30/01/2022 23:00,1.7,14.2,31.1,45.3,5,43,17,713.1,0,63,2.6,0.002,14.72,2.7,52
31/01/2022 00:00,1.83,9.9,25.6,35.3,9,55,16,712.8,0,64,2.7,0.002,14.61,3.6,29
31/01/2022 01:00,1.46,2.8,17.8,20.4,14,39,8,712.3,0,66,2.9,0.002,14.05,3.1,44
31/01/2022 02:00,1.53,3.2,24.4,27.4,7,28,16,711.9,0,76,3.1,0.001,13.47,3.2,10
31/01/2022 03:00,1.52,3.1,22.8,25.6,8,37,4,711.6,0,83,3,0.001,13.1,4,19
31/01/2022 04:00,1.54,3,21.4,24.2,6,45,NULL,711.3,0,84,2.9,0.001,12.5,6.3,300
31/01/2022 05:00,1.46,3,18.3,21.1,8,38,22,711.1,0,86,2.9,0.001,12.45,6.6,297
31/01/2022 06:00,1.53,4.8,19.9,24.6,5,43,38,711,0,85,3.2,0.001,12.22,5.3,325
31/01/2022 07:00,1.6,7.6,20.8,28.3,5,57,37,711,0,85,3.3,0.001,12.09,7.4,325
31/01/2022 08:00,1.82,24,22.4,46.1,3,61,27,711.3,0,81,3.5,0.008,11.47,7.6,311
31/01/2022 09:00,1.92,30,25.5,55.3,6,72,12,712.1,0,81,3.5,0.155,13.17,11.8,303
31/01/2022 10:00,1.54,11.8,18.3,30,19,72,2,712.4,0,71,4.1,0.32,15.58,9,326
31/01/2022 11:00,1.56,8.5,15.4,23.8,28,59,14,712.5,0,60,3.9,0.468,17.63,9.9,329
31/01/2022 12:00,1.53,8.4,17.8,26,35,60,19,711.9,0,50,4.1,0.571,20.18,7.1,348
31/01/2022 13:00,1.59,8,20.5,28.3,44,76,40,710.8,0,41,5.5,0.613,22.39,6.7,20
31/01/2022 14:00,1.59,4.5,13.6,18,58,78,18,709.5,0,32,4.1,0.599,24.24,8.3,319
31/01/2022 15:00,1.49,3.7,10.7,14.3,61,63,9,708.5,0,26,3.5,0.522,25.79,6.9,312
31/01/2022 16:00,1.45,3.4,10.5,13.9,61,56,29,707.8,0,22,3.5,0.389,26.71,5.5,316
31/01/2022 17:00,1.49,3.3,13.4,16.7,64,52,17,707.5,0,23,3.6,0.236,26.97,5.2,259
31/01/2022 18:00,1.58,3.2,22.5,25.5,52,50,27,707.7,0,32,3.5,0.065,24.18,4.9,291
31/01/2022 19:00,1.73,3.7,28.8,32.4,42,53,23,708.3,0,36,3.7,0.005,21.96,6.6,174
31/01/2022 20:00,1.67,3.4,25.8,29,36,53,23,709.1,0,44,3.6,0.001,20.05,7.3,145
31/01/2022 21:00,1.66,3,26.3,29.1,25,NULL,NULL,709.9,0,52,3.3,0.001,18.33,5.2,120
31/01/2022 22:00,1.43,3.2,15.3,18.3,38,NULL,20,710.3,0,52,3.5,0.001,18.69,7.9,160
31/01/2022 23:00,1.47,4.8,26.1,30.7,19,72,23,710.7,0,59,3.1,0.001,16.3,5.9,142
01/02/2022 00:00,NULL,NULL,NULL,NULL,NULL,NULL,NULL,NULL,NULL,NULL,NULL,0,NULL,NULL,NULL
01/02/2022 01:00,1.33,2.5,13.9,16.3,25,39,6,710.7,0,68,2.9,0.001,14.35,3.8,233
01/02/2022 02:00,1.27,2.5,12.8,15.1,23,34,9,710.4,0,70,2.9,0.001,13.67,4.1,230
01/02/2022 03:00,1.32,NULL,NULL,NULL,20,30,23,710.2,0,73,3,0.001,13.04,4,228
01/02/2022 04:00,1.29,NULL,NULL,NULL,13,36,25,710,0,76,2.7,0.001,12.14,2.6,146
01/02/2022 05:00,1.26,2.9,14.2,17,12,30,7,709.7,0,78,2.6,0.001,11.36,3,237
01/02/2022 06:00,1.42,4.8,17.7,22.4,7,26,10,709.6,0,80,2.7,0.001,10.78,2.4,169
01/02/2022 07:00,1.53,21.5,20.8,42.1,3,23,17,710,0,81,2.8,0.001,10.29,2.3,132
01/02/2022 08:00,1.65,30.6,23.7,54,3,36,NULL,710.3,0,79,2.9,0.008,10.54,3.7,226
01/02/2022 09:00,1.81,53.1,26,78.7,5,36,NULL,710.5,0,71,3.1,0.14,12.93,3.4,251
01/02/2022 10:00,1.69,20.9,24,44.6,17,52,NULL,710.6,0,54,3.3,0.331,18.14,3.3,11
01/02/2022 11:00,1.61,10.6,19.3,29.7,30,41,16,710.5,0,46,3.8,0.482,20.1,4.6,9
01/02/2022 12:00,1.64,7.5,16.7,24,42,42,22,710.1,0,44,3.7,0.595,21.83,5.5,17
01/02/2022 13:00,1.57,4.2,11.3,15.4,55,52,9,709.2,0,46,4.2,0.643,23.17,6.2,334
01/02/2022 14:00,1.52,3.8,9.2,12.9,63,47,34,708.1,0,41,3.8,0.62,24.43,6.4,340
01/02/2022 15:00,1.58,3.2,9,12.1,67,63,46,707.2,0,36,3.1,0.53,25.82,5.8,323
01/02/2022 16:00,1.45,3.8,9.8,13.5,59,56,23,706.7,0,32,2.9,0.398,26.61,8.4,155
01/02/2022 17:00,1.48,4.5,13,17.3,52,41,23,706.5,0,32,2.9,0.245,26.18,11,151
01/02/2022 18:00,1.52,4.4,19.3,23.5,45,36,NULL,706.4,0,31,NULL,0.07,24.98,9.6,160
01/02/2022 19:00,1.65,4.5,21,25.4,34,42,7,706.6,0,35,3,0.005,23.56,9.5,150
01/02/2022 20:00,1.63,3.3,14.8,18,38,38,11,707.2,0,36,2.9,0.001,22.35,6.4,192
01/02/2022 21:00,1.56,3.2,13.5,16.6,37,27,12,707.5,0,38,2.8,0.001,21.63,7.5,175
01/02/2022 22:00,1.49,4.3,17,21.2,31,32,14,707.5,0,45,2.9,0.001,20.77,10.2,173
01/02/2022 23:00,1.45,3.3,13.3,16.5,31,39,NULL,707.6,0,54,2.8,0.001,19.37,8.1,178
